<?xml version="1.0" encoding="UTF-8"?>
<Root>
	<Header Magic="GXDOA" Base="aya19.xpr" MirrorAxis="X" DefaultRotateOrder="XYZ" Author="" Date="20041120"/>
	<Body>
		<MeshGroup Name="Character">
			<Elem Name="Head" Mesh="OBJ_35" tx="0" ty="0.4665" tz="-0.025"/>
			<Elem Name="Neck" Mesh="OBJ_18" tx="0" ty="0.4665" tz="-0.025"/>
			<Elem Name="Chest" Mesh="OBJ_2" tx="0" ty="0.1790" tz="0.005"/>
			<Elem Name="Waist" Mesh="OBJ_33" tx="0" ty="0.179 " tz="0.005"/>
			<Elem Name="pelvis" Mesh="OBJ_3"/>
			<Elem Name="EyeBall" Mesh="OBJ_36" MirrorMesh="OBJ_37" tx="0.0308" ty="0.5785" tz="0.05"/>
			<Elem Name="Shoulder" Mesh="OBJ_5" MirrorMesh="OBJ_20" tx="0.120" ty="0.4" tz="-0.01855"/>
			<Elem Name="Bicep" Mesh="OBJ_16" MirrorMesh="OBJ_31" tx="0.120" ty="0.4" tz="-0.01855"/>
			<Elem Name="Elbow" Mesh="OBJ_6" MirrorMesh="OBJ_21" tx="0.359" ty="0.4" tz="-0.01855"/>
			<Elem Name="Forearm" Mesh="OBJ_8" MirrorMesh="OBJ_23" tx="0.359" ty="0.4" tz="-0.01855"/>
			<Elem Name="Wrist" Mesh="OBJ_17" MirrorMesh="OBJ_32" tx="0.5985" ty="0.4" tz="-0.01855"/>
			<Elem Name="Hand" Mesh="OBJ_9" MirrorMesh="OBJ_24" tx="0.5985" ty="0.4" tz="-0.01855"/>
			<Elem Name="Thigh" Mesh="OBJ_13" MirrorMesh="OBJ_28" tx="0.0761" ty="-0.0205" tz="-0.0257"/>
			<Elem Name="Knee" Mesh="OBJ_12" MirrorMesh="OBJ_27" tx="0.0761" ty="-0.4238" tz="-0.0257"/>
			<Elem Name="Calf" Mesh="OBJ_15" MirrorMesh="OBJ_30" tx="0.0761" ty="-0.4238" tz="-0.0257"/>
			<Elem Name="ankle" Mesh="OBJ_4" MirrorMesh="OBJ_19" tx="0.0761" ty="-0.8437" tz="-0.0257"/>
			<Elem Name="Foot" Mesh="OBJ_7" MirrorMesh="OBJ_22" tx="0.0761" ty="-0.8437" tz="-0.0257"/>
			<Elem Name="Forearm1" Mesh=""/><Elem Name="Knee1" Mesh="OBJ_11" MirrorMesh="OBJ_26" tx="0.0761" ty="-0.0205" tz="-0.0257"/></MeshGroup>
		<MeshGroup Name="LowPoly">
			<Elem Name="Head" Mesh="OBJ_39" tx="0" ty="0.4665" tz="-0.025"/>
			<Elem Name="Chest" Mesh="OBJ_38" tx="0" ty="0.1790" tz="0.005"/>
			<Elem Name="pelvis" Mesh="OBJ_40"/>
			<Elem Name="Shoulder" Mesh="OBJ_46" MirrorMesh="OBJ_52" tx="0.120" ty="0.4" tz="-0.01855"/>
			<Elem Name="Forearm" Mesh="OBJ_42" MirrorMesh="OBJ_48" tx="0.359" ty="0.4" tz="-0.01855"/>
			<Elem Name="Hand" Mesh="OBJ_43" MirrorMesh="OBJ_49" tx="0.5985" ty="0.4" tz="-0.01855"/>
			<Elem Name="Thigh" Mesh="OBJ_44" MirrorMesh="OBJ_50" tx="0.0761" ty="-0.0205" tz="-0.0257"/>
			<Elem Name="Calf" Mesh="OBJ_45" MirrorMesh="OBJ_51" tx="0.0761" ty="-0.4238" tz="-0.0257"/>
			<Elem Name="Foot" Mesh="OBJ_41" MirrorMesh="OBJ_47" tx="0.0761" ty="-0.8437" tz="-0.0257"/>
		</MeshGroup>
		<MeshGroup Name="Misc">
			<Elem Name="Hair" Mesh="OBJ_34" tx="0" ty="0.4665" tz="-0.025"/>
			<Elem Name="OBJ_0" Mesh="OBJ_0" tx="0.00" />
			<Elem Name="OBJ_1" Mesh="OBJ_1" tx="-0.10" />
			<Elem Name="OBJ_10" Mesh="OBJ_10" tx="0.20" />
			<Elem Name="OBJ_14" Mesh="OBJ_14" tx="-0.30" />
			<Elem Name="OBJ_25" Mesh="OBJ_25" tx="0.40" />
			<Elem Name="OBJ_29" Mesh="OBJ_29" tx="-0.50" />
			<Elem Name="OBJ_53" Mesh="OBJ_53" tx="0.60" />
			<Elem Name="OBJ_54" Mesh="OBJ_54" tx="-0.70" />
			<Elem Name="OBJ_55" Mesh="OBJ_55" tx="0.80" />
			<Elem Name="OBJ_56" Mesh="OBJ_56" tx="-0.90" />
			<Elem Name="OBJ_57" Mesh="OBJ_57" tx="1.00" />
			<Elem Name="OBJ_58" Mesh="OBJ_58" tx="-1.10" />
			<Elem Name="OBJ_59" Mesh="OBJ_59" tx="1.20" />
			<Elem Name="OBJ_60" Mesh="OBJ_60" tx="-1.30" />
			<Elem Name="OBJ_61" Mesh="OBJ_61" tx="1.40" />
			<Elem Name="OBJ_62" Mesh="OBJ_62" tx="-1.50" />
			<Elem Name="OBJ_63" Mesh="OBJ_63" tx="1.60" />
			<Elem Name="OBJ_64" Mesh="OBJ_64" tx="-1.70" />
			<Elem Name="OBJ_65" Mesh="OBJ_65" tx="1.80" />
			<Elem Name="OBJ_66" Mesh="OBJ_66" tx="-1.90" />
			<Elem Name="OBJ_67" Mesh="OBJ_67" tx="2.00" />
		</MeshGroup>
	</Body>
</Root>
