<?xml version="1.0" encoding="UTF-8"?>
<Root>
	<Header Magic="GXDOA" Base="bay03.xpr" MirrorAxis="X" DefaultRotateOrder="XYZ" Author="" Date="20041124"/>
	<Body>
		<MeshGroup Name="Character">
			<Elem Name="Head" Mesh="OBJ_1" tx="0" ty="0.546704" tz="-0.0232"/>
			<Elem Name="Chest" Mesh="OBJ_0" tx="0" ty="0.23378" tz="-0.006"/>
			<Elem Name="Waist" Mesh="OBJ_40" tx="0" ty="0.23378" tz="-0.006"/>
			<Elem Name="Pelvis" Mesh="OBJ_2"/>
			<Elem Name="EyeBall" Mesh="OBJ_6" MirrorMesh="OBJ_25" tx="0.0318233" ty="0.68022" tz="0.0583814"/>
			<Elem Name="Shoulder" Mesh="OBJ_4" MirrorMesh="OBJ_23" tx="0.213004" ty="0.48378" tz="-0.0245001"/>
			<Elem Name="Bicep" Mesh="OBJ_19" MirrorMesh="OBJ_38" tx="0.213004" ty="0.48378" tz="-0.0245001"/>
			<Elem Name="Elbow" Mesh="OBJ_5" MirrorMesh="OBJ_24" tx="0.487004" ty="0.48378" tz="-0.0245001"/>
			<Elem Name="Forearm" Mesh="OBJ_8" MirrorMesh="OBJ_27" tx="0.487004" ty="0.48378" tz="-0.0245001"/>
			<Elem Name="Wrist" Mesh="OBJ_20" MirrorMesh="OBJ_39" tx="0.761412" ty="0.484" tz="-0.0245001"/>
			<Elem Name="Hand" Mesh="OBJ_10" MirrorMesh="OBJ_29" tx="0.761412" ty="0.48378" tz="-0.0245001"/>
			<Elem Name="Hip" Mesh="OBJ_15" MirrorMesh="OBJ_34" tx="0.0802" ty="-0.0173" tz="-0.0271"/>
			<Elem Name="Thigh" Mesh="OBJ_13" MirrorMesh="OBJ_32" tx="0.0802" ty="-0.0173" tz="-0.0271"/>
			<Elem Name="Knee" Mesh="OBJ_14" MirrorMesh="OBJ_33" tx="0.0802" ty="-0.4723" tz="-0.0271"/>
			<Elem Name="Calf" Mesh="OBJ_18" MirrorMesh="OBJ_37" tx="0.0802" ty="-0.4723" tz="-0.0271"/>
			<Elem Name="Ankle" Mesh="OBJ_3" MirrorMesh="OBJ_22" tx="0.0802" ty="-0.92732" tz="-0.0271"/>
			<Elem Name="Foot" Mesh="OBJ_7" MirrorMesh="OBJ_26" tx="0.0802" ty="-0.92732" tz="-0.0271"/>
			<Elem Name="Forearm1" Mesh="OBJ_9" MirrorMesh="OBJ_28" tx="0.487004" ty="0.48378" tz="-0.0245001"/>
			<Elem Name="Neck" Mesh="OBJ_21" tx="0" ty="0.546704" tz="-0.0232"/>
		</MeshGroup>
		<MeshGroup Name="LowPoly">
			<Elem Name="Head" Mesh="OBJ_42" tx="0" ty="0.546704" tz="-0.0232"/>
			<Elem Name="Chest" Mesh="OBJ_41" tx="0" ty="0.23378" tz="-0.006"/>
			<Elem Name="pelvis" Mesh="OBJ_43"/>
			<Elem Name="Forearm" Mesh="OBJ_45" MirrorMesh="OBJ_51" tx="0.487004" ty="0.48378" tz="-0.0245001"/>
			<Elem Name="Hand" Mesh="OBJ_46" MirrorMesh="OBJ_52" tx="0.761412" ty="0.48378" tz="-0.0245001"/>
			<Elem Name="Thigh" Mesh="OBJ_47" MirrorMesh="OBJ_53" tx="0.0802" ty="-0.0173" tz="-0.0271"/>
			<Elem Name="Calf" Mesh="OBJ_48" MirrorMesh="OBJ_54" tx="0.0802" ty="-0.4723" tz="-0.0271"/>
			<Elem Name="Foot" Mesh="OBJ_44" MirrorMesh="OBJ_50" tx="0.0802" ty="-0.92732" tz="-0.0271"/>
			<Elem Name="Shoulder" Mesh="OBJ_49" MirrorMesh="OBJ_55" ty="0.48378" tz="-0.0245001" tx="0.213004"/></MeshGroup>
		<MeshGroup Name="Misc">
			<Elem Name="OBJ_11" Mesh="OBJ_11" tx="0.00" />
			<Elem Name="OBJ_12" Mesh="OBJ_12" tx="-0.10" />
			<Elem Name="OBJ_16" Mesh="OBJ_16" tx="0.20" />
			<Elem Name="OBJ_17" Mesh="OBJ_17" tx="-0.30" />
			<Elem Name="OBJ_30" Mesh="OBJ_30" tx="0.40" />
			<Elem Name="OBJ_31" Mesh="OBJ_31" tx="-0.50" />
			<Elem Name="OBJ_35" Mesh="OBJ_35" tx="0.60" />
			<Elem Name="OBJ_36" Mesh="OBJ_36" tx="-0.70" />
			<Elem Name="OBJ_56" Mesh="OBJ_56" tx="0.80" />
			<Elem Name="OBJ_57" Mesh="OBJ_57" tx="-0.90" />
			<Elem Name="OBJ_58" Mesh="OBJ_58" tx="1.00" />
			<Elem Name="OBJ_59" Mesh="OBJ_59" tx="-1.10" />
			<Elem Name="OBJ_60" Mesh="OBJ_60" tx="1.20" />
			<Elem Name="OBJ_61" Mesh="OBJ_61" tx="-1.30" />
			<Elem Name="OBJ_62" Mesh="OBJ_62" tx="1.40" />
			<Elem Name="OBJ_63" Mesh="OBJ_63" tx="-1.50" />
			<Elem Name="OBJ_64" Mesh="OBJ_64" tx="1.60" />
			<Elem Name="OBJ_65" Mesh="OBJ_65" tx="-1.70" />
			<Elem Name="OBJ_66" Mesh="OBJ_66" tx="1.80" />
			<Elem Name="OBJ_67" Mesh="OBJ_67" tx="-1.90" />
			<Elem Name="OBJ_68" Mesh="OBJ_68" tx="2.00" />
			<Elem Name="OBJ_69" Mesh="OBJ_69" tx="-2.10" />
		</MeshGroup>
	</Body>
</Root>
