<?xml version="1.0" encoding="UTF-8"?>
<Root>
	<Header Magic="GXDOA" Base="gen07.xpr" MirrorAxis="X" DefaultRotateOrder="XYZ" Author="" Date="20041201"/>
	<Body>
		<MeshGroup Name="Character">
			<Elem Name="Head" Mesh="OBJ_5" tx="0" ty="0.4609999652" tz="-0.03550001234"/>
			<Elem Name="Chest" Mesh="OBJ_4" tx="0" ty="0.1917999834" tz="-0.01000002027"/>
			<Elem Name="Waist" Mesh="OBJ_40" tx="0" ty="0.1917999834" tz="-0.01000002027"/>
			<Elem Name="Pelvis" Mesh="OBJ_6"/>
			<Elem Name="EyeBall" Mesh="OBJ_10" MirrorMesh="OBJ_25" tx="0.03108803321" ty="0.611473808" tz="0.05475235953"/>
			<Elem Name="Shoulder" Mesh="OBJ_8" MirrorMesh="OBJ_23" tx="0.1749999933" ty="0.4001999646" tz="-0.02000001597"/>
			<Elem Name="Bicep" Mesh="OBJ_19" MirrorMesh="OBJ_34" tx="0.1749999933" ty="0.4001999646" tz="-0.02000001597"/>
			<Elem Name="Elbow" Mesh="OBJ_9" MirrorMesh="OBJ_24" tx="0.3905999959" ty="0.4001999646" tz="-0.0199999843"/>
			<Elem Name="Forearm" Mesh="OBJ_12" MirrorMesh="OBJ_27" tx="0.3905999959" ty="0.4001999646" tz="-0.0199999843"/>
			<Elem Name="Wrist" Mesh="OBJ_20" MirrorMesh="OBJ_35" tx="0.6061999407" ty="0.4002000764" tz="-0.01999994519"/>
			<Elem Name="Hand" Mesh="OBJ_14" MirrorMesh="OBJ_29" tx="0.6061999407" ty="0.4002000764" tz="-0.01999994519"/>
			<Elem Name="Hip" Mesh="OBJ_17" MirrorMesh="OBJ_32" tx="0.07120000571" ty="-0.009799972177" tz="-0.02400001511"/>
			<Elem Name="Thigh" Mesh="OBJ_15" MirrorMesh="OBJ_30" tx="0.07120000571" ty="-0.009799972177" tz="-0.02400001511"/>
			<Elem Name="Knee" Mesh="OBJ_16" MirrorMesh="OBJ_31" tx="0.07120000571" ty="-0.4247999936" tz="-0.02400001511"/>
			<Elem Name="Calf" Mesh="OBJ_18" MirrorMesh="OBJ_33" tx="0.07120000571" ty="-0.4247999936" tz="-0.02400001511"/>
			<Elem Name="Ankle" Mesh="OBJ_7" MirrorMesh="OBJ_22" tx="0.07120000571" ty="-0.8397999853" tz="-0.02400001511"/>
			<Elem Name="Foot" Mesh="OBJ_11" MirrorMesh="OBJ_26" tx="0.07120000571" ty="-0.8397999853" tz="-0.02400001511"/>
			<Elem Name="Forearm1" Mesh="OBJ_13" MirrorMesh="OBJ_28" tx="0.3905999959" ty="0.4001999646" tz="-0.0199999843"/>
			<Elem Name="Neck" Mesh="OBJ_21" tx="0" ty="0.4609954352" tz="-0.03554242104"/>
			<Elem Name="OBJ_41" Mesh="OBJ_41" tx="-0.002426260454" ty="0.5512484003" tz="-0.1406247374" rx="62.5" ry="0" rz="0"/>
			<Elem Name="OBJ_42" Mesh="OBJ_42" tx="0.001923800143" ty="0.5385037185" tz="-0.1652371131" rx="62.5" ry="0" rz="0"/>
			<Elem Name="OBJ_43" Mesh="OBJ_43" tx="0" ty="0.5213925619" tz="-0.199310866" rx="62.5" ry="0" rz="0"/>
		</MeshGroup>
		<MeshGroup Name="LowPoly">
			<Elem Name="Head" Mesh="OBJ_45" tx="0" ty="0.4609999652" tz="-0.03550001234"/>
			<Elem Name="Chest" Mesh="OBJ_44" tx="0" ty="0.1917999834" tz="-0.01000002027"/>
			<Elem Name="pelvis" Mesh="OBJ_46"/>
			<Elem Name="Forearm" Mesh="OBJ_48" MirrorMesh="OBJ_54" tx="0.3905999959" ty="0.4001999646" tz="-0.0199999843"/>
			<Elem Name="Hand" Mesh="OBJ_49" MirrorMesh="OBJ_55" tx="0.6061999407" ty="0.4002000764" tz="-0.01999994519"/>
			<Elem Name="Thigh" Mesh="OBJ_50" MirrorMesh="OBJ_56" tx="0.07120000571" ty="-0.009799972177" tz="-0.02400001511"/>
			<Elem Name="Calf" Mesh="OBJ_51" MirrorMesh="OBJ_57" tx="0.07120000571" ty="-0.4247999936" tz="-0.02400001511"/>
			<Elem Name="Foot" Mesh="OBJ_47" MirrorMesh="OBJ_53" tx="0.07120000571" ty="-0.8397999853" tz="-0.02400001511"/>
			<Elem Name="Shoulder" Mesh="OBJ_52" MirrorMesh="OBJ_58" ty="0.4001999646" tz="-0.02000001597" tx="0.1749999933"/></MeshGroup>
		<MeshGroup Name="Misc">
			<Elem Name="OBJ_0" Mesh="OBJ_0" tx="0.00" />
			<Elem Name="OBJ_1" Mesh="OBJ_1" tx="-0.10" />
			<Elem Name="OBJ_2" Mesh="OBJ_2" tx="0.20" />
			<Elem Name="OBJ_3" Mesh="OBJ_3" tx="-0.30" />
			<Elem Name="OBJ_36" Mesh="OBJ_36" tx="0.40" />
			<Elem Name="OBJ_37" Mesh="OBJ_37" tx="-0.50" />
			<Elem Name="OBJ_38" Mesh="OBJ_38" tx="0.60" />
			<Elem Name="OBJ_39" Mesh="OBJ_39" tx="-0.70" />
			<Elem Name="OBJ_59" Mesh="OBJ_59" tx="0.80" />
			<Elem Name="OBJ_60" Mesh="OBJ_60" tx="-0.90" />
			<Elem Name="OBJ_61" Mesh="OBJ_61" tx="1.00" />
			<Elem Name="OBJ_62" Mesh="OBJ_62" tx="-1.10" />
			<Elem Name="OBJ_63" Mesh="OBJ_63" tx="1.20" />
			<Elem Name="OBJ_64" Mesh="OBJ_64" tx="-1.30" />
			<Elem Name="OBJ_65" Mesh="OBJ_65" tx="1.40" />
			<Elem Name="OBJ_66" Mesh="OBJ_66" tx="-1.50" />
			<Elem Name="OBJ_67" Mesh="OBJ_67" tx="1.60" />
			<Elem Name="OBJ_68" Mesh="OBJ_68" tx="-1.70" />
			<Elem Name="OBJ_69" Mesh="OBJ_69" tx="1.80" />
			<Elem Name="OBJ_70" Mesh="OBJ_70" tx="-1.90" />
			<Elem Name="OBJ_71" Mesh="OBJ_71" tx="2.00" />
			<Elem Name="OBJ_72" Mesh="OBJ_72" tx="-2.10" />
			<Elem Name="OBJ_73" Mesh="OBJ_73" tx="2.20" />
		</MeshGroup>
	</Body>
</Root>
