<?xml version="1.0" encoding="UTF-8"?>
<Root>
	<Header Magic="GXDOA" Base="kas07.xpr" MirrorAxis="X" DefaultRotateOrder="XYZ" Author="" Date="20041204"/>
	<Body>
		<MeshGroup Name="Character">
			<Elem Name="Crown" Mesh="OBJ_40" tx="0" ty="0.46749073" tz="-0.025109444"/>
			<Elem Name="Head" Mesh="OBJ_1" tx="0" ty="0.46749073" tz="-0.025109444"/>
			<Elem Name="Neck" Mesh="OBJ_24" tx="0" ty="0.46749073" tz="-0.025109444"/>
			<Elem Name="Chest" Mesh="OBJ_11" tx="0" ty="0.17999107" tz="0.0048907306"/>
			<Elem Name="Waist" Mesh="OBJ_34" tx="0" ty="0.17999107" tz="0.0048907306"/>
			<Elem Name="pelvis" Mesh="OBJ_4"/>
			<Elem Name="EyeBall" Mesh="OBJ_2" MirrorMesh="OBJ_3" tx="0.031" ty="0.58" tz="0.05"/>
			<Elem Name="Shoulder" Mesh="OBJ_16" MirrorMesh="OBJ_26" tx="0.12059" ty="0.40099" tz="-0.01865"/>
			<Elem Name="Bicep" Mesh="OBJ_22" MirrorMesh="OBJ_32" tx="0.12059" ty="0.40099" tz="-0.01865"/>
			<Elem Name="Elbow" Mesh="OBJ_17" MirrorMesh="OBJ_27" tx="0.36029" ty="0.40099" tz="-0.01865"/>
			<Elem Name="Forearm" Mesh="OBJ_19" MirrorMesh="OBJ_29" tx="0.36029" ty="0.40099" tz="-0.01865"/>
			<Elem Name="Hand" Mesh="OBJ_20" MirrorMesh="OBJ_30" tx="0.59999" ty="0.40099" tz="-0.01865"/>
			<Elem Name="Thigh" Mesh="OBJ_6" MirrorMesh="OBJ_9" tx="0.07609" ty="-0.020502223" tz="-0.02571"/>
			<Elem Name="Hip" Mesh="OBJ_5" MirrorMesh="OBJ_8" tx="0.07609" ty="-0.020502223" tz="-0.02571"/>
			<Elem Name="Knee" Mesh="OBJ_7" MirrorMesh="OBJ_10" tx="0.07609" ty="-0.4238" tz="-0.02571"/>
			<Elem Name="Calf" Mesh="OBJ_21" MirrorMesh="OBJ_31" tx="0.07609" ty="-0.4238" tz="-0.02571"/>
			<Elem Name="ankle" Mesh="OBJ_15" MirrorMesh="OBJ_25" tx="0.07609" ty="-0.8437" tz="-0.02571"/>
			<Elem Name="Foot" Mesh="OBJ_18" MirrorMesh="OBJ_28" tx="0.07609" ty="-0.8437" tz="-0.02571"/>
			<Elem Name="OBJ_12" Mesh="OBJ_12" tx="-0.0005" ty="0.004" tz="0.02"/>
			<Elem Name="Wrist" Mesh="OBJ_23" MirrorMesh="OBJ_33" tx="0.59999" ty="0.40099" tz="-0.01865"/></MeshGroup>
		<MeshGroup Name="LowPoly">
			<Elem Name="Crown" Mesh="OBJ_71" tx="0" ty="0.46749073" tz="-0.025109444"/>
			<Elem Name="Head" Mesh="OBJ_57" tx="0" ty="0.46749073" tz="-0.025109444"/>
			<Elem Name="Chest" Mesh="OBJ_56" tx="0" ty="0.17999107" tz="0.0048907306"/>
			<Elem Name="pelvis" Mesh="OBJ_58"/>
			<Elem Name="Shoulder" Mesh="OBJ_64" MirrorMesh="OBJ_70" tx="0.12059" ty="0.40099" tz="-0.01865"/>
			<Elem Name="Forearm" Mesh="OBJ_60" MirrorMesh="OBJ_66" tx="0.36029" ty="0.40099" tz="-0.01865"/>
			<Elem Name="Hand" Mesh="OBJ_61" MirrorMesh="OBJ_67" tx="0.59999" ty="0.40099" tz="-0.01865"/>
			<Elem Name="Thigh" Mesh="OBJ_62" MirrorMesh="OBJ_68" tx="0.07609" ty="-0.020502223" tz="-0.02571"/>
			<Elem Name="Calf" Mesh="OBJ_63" MirrorMesh="OBJ_69" tx="0.07609" ty="-0.4238" tz="-0.02571"/>
			<Elem Name="Foot" Mesh="OBJ_59" MirrorMesh="OBJ_65" tx="0.07609" ty="-0.8437" tz="-0.02571"/>
		</MeshGroup>
		<MeshGroup Name="Misc">
			<Elem Name="Hair" Mesh="OBJ_0" tx="0" ty="0.46749073" tz="-0.025109444"/>
			<Elem Name="OBJ_13" Mesh="OBJ_13" tx="0.00" />
			<Elem Name="OBJ_14" Mesh="OBJ_14" tx="-0.10" />
			<Elem Name="OBJ_35" Mesh="OBJ_35" tx="0.20" />
			<Elem Name="OBJ_36" Mesh="OBJ_36" tx="-0.30" />
			<Elem Name="OBJ_37" Mesh="OBJ_37" tx="0.40" />
			<Elem Name="OBJ_38" Mesh="OBJ_38" tx="-0.50" />
			<Elem Name="OBJ_39" Mesh="OBJ_39" tx="0.60" />
			<Elem Name="OBJ_41" Mesh="OBJ_41" tx="-0.70" />
			<Elem Name="OBJ_42" Mesh="OBJ_42" tx="0.80" />
			<Elem Name="OBJ_43" Mesh="OBJ_43" tx="-0.90" />
			<Elem Name="OBJ_44" Mesh="OBJ_44" tx="1.00" />
			<Elem Name="OBJ_45" Mesh="OBJ_45" tx="-1.10" />
			<Elem Name="OBJ_46" Mesh="OBJ_46" tx="1.20" />
			<Elem Name="OBJ_47" Mesh="OBJ_47" tx="-1.30" />
			<Elem Name="OBJ_48" Mesh="OBJ_48" tx="1.40" />
			<Elem Name="OBJ_49" Mesh="OBJ_49" tx="-1.50" />
			<Elem Name="OBJ_50" Mesh="OBJ_50" tx="1.60" />
			<Elem Name="OBJ_51" Mesh="OBJ_51" tx="-1.70" />
			<Elem Name="OBJ_52" Mesh="OBJ_52" tx="1.80" />
			<Elem Name="OBJ_53" Mesh="OBJ_53" tx="-1.90" />
			<Elem Name="OBJ_54" Mesh="OBJ_54" tx="2.00" />
			<Elem Name="OBJ_55" Mesh="OBJ_55" tx="-2.10" />
		</MeshGroup>
	</Body>
</Root>
