<?xml version="1.0" encoding="UTF-8"?>
<Root>
	<Header Magic="GXDOA" Base="kas11.xpr" MirrorAxis="X" DefaultRotateOrder="XYZ" Author="" Date="20041204"/>
	<Body>
		<MeshGroup Name="Character">
			<Elem Name="Head" Mesh="OBJ_32" tx="0" ty="0.46749073" tz="-0.025109444"/>
			<Elem Name="Neck" Mesh="OBJ_17" tx="0" ty="0.46749073" tz="-0.025109444"/>
			<Elem Name="Chest" Mesh="OBJ_3" tx="0" ty="0.17999107" tz="0.0048907306"/>
			<Elem Name="Waist" Mesh="OBJ_30" tx="0" ty="0.17999107" tz="0.0048907306"/>
			<Elem Name="pelvis" Mesh="OBJ_4"/>
			<Elem Name="EyeBall" Mesh="OBJ_33" MirrorMesh="OBJ_34" tx="0.031" ty="0.58" tz="0.05"/>
			<Elem Name="Shoulder" Mesh="OBJ_6" MirrorMesh="OBJ_19" tx="0.12059" ty="0.40099" tz="-0.01865"/>
			<Elem Name="Bicep" Mesh="OBJ_15" MirrorMesh="OBJ_28" tx="0.12059" ty="0.40099" tz="-0.01865"/>
			<Elem Name="Elbow" Mesh="OBJ_7" MirrorMesh="OBJ_20" tx="0.36029" ty="0.40099" tz="-0.01865"/>
			<Elem Name="Forearm" Mesh="OBJ_9" MirrorMesh="OBJ_22" tx="0.36029" ty="0.40099" tz="-0.01865"/>
			<Elem Name="Hand" Mesh="OBJ_10" MirrorMesh="OBJ_23" tx="0.59999" ty="0.40099" tz="-0.01865"/>
			<Elem Name="Thigh" Mesh="OBJ_11" MirrorMesh="OBJ_24" tx="0.07609" ty="-0.020502223" tz="-0.02571"/>
			<Elem Name="Hip" Mesh="OBJ_13" MirrorMesh="OBJ_26" tx="0.07609" ty="-0.020502223" tz="-0.02571"/>
			<Elem Name="Knee" Mesh="OBJ_12" MirrorMesh="OBJ_25" tx="0.07609" ty="-0.4238" tz="-0.02571"/>
			<Elem Name="Calf" Mesh="OBJ_14" MirrorMesh="OBJ_27" tx="0.07609" ty="-0.4238" tz="-0.02571"/>
			<Elem Name="ankle" Mesh="OBJ_5" MirrorMesh="OBJ_18" tx="0.07609" ty="-0.8437" tz="-0.02571"/>
			<Elem Name="Foot" Mesh="OBJ_8" MirrorMesh="OBJ_21" tx="0.07609" ty="-0.8437" tz="-0.02571"/>
			<Elem Name="Wrist" Mesh="OBJ_16" MirrorMesh="OBJ_29" tx="0.59999" ty="0.40099" tz="-0.01865"/></MeshGroup>
		<MeshGroup Name="LowPoly">
			<Elem Name="Head" Mesh="OBJ_36" tx="0" ty="0.46749073" tz="-0.025109444"/>
			<Elem Name="Chest" Mesh="OBJ_35" tx="0" ty="0.17999107" tz="0.0048907306"/>
			<Elem Name="pelvis" Mesh="OBJ_37"/>
			<Elem Name="Shoulder" Mesh="OBJ_43" MirrorMesh="OBJ_49" tx="0.12059" ty="0.40099" tz="-0.01865"/>
			<Elem Name="Forearm" Mesh="OBJ_39" MirrorMesh="OBJ_45" tx="0.36029" ty="0.40099" tz="-0.01865"/>
			<Elem Name="Hand" Mesh="OBJ_40" MirrorMesh="OBJ_46" tx="0.59999" ty="0.40099" tz="-0.01865"/>
			<Elem Name="Thigh" Mesh="OBJ_41" MirrorMesh="OBJ_47" tx="0.07609" ty="-0.020502223" tz="-0.02571"/>
			<Elem Name="Calf" Mesh="OBJ_42" MirrorMesh="OBJ_48" tx="0.07609" ty="-0.4238" tz="-0.02571"/>
			<Elem Name="Foot" Mesh="OBJ_38" MirrorMesh="OBJ_44" tx="0.07609" ty="-0.8437" tz="-0.02571"/>
		</MeshGroup>
		<MeshGroup Name="Misc">
			<Elem Name="Hair" Mesh="OBJ_31" tx="0" ty="0.46749073" tz="-0.025109444"/>
			<Elem Name="OBJ_0" Mesh="OBJ_0" tx="0.00" />
			<Elem Name="OBJ_1" Mesh="OBJ_1" tx="-0.10" />
			<Elem Name="OBJ_2" Mesh="OBJ_2" tx="0.20" />
			<Elem Name="OBJ_50" Mesh="OBJ_50" tx="-0.30" />
			<Elem Name="OBJ_51" Mesh="OBJ_51" tx="0.40" />
			<Elem Name="OBJ_52" Mesh="OBJ_52" tx="-0.50" />
			<Elem Name="OBJ_53" Mesh="OBJ_53" tx="0.60" />
			<Elem Name="OBJ_54" Mesh="OBJ_54" tx="-0.70" />
			<Elem Name="OBJ_55" Mesh="OBJ_55" tx="0.80" />
			<Elem Name="OBJ_56" Mesh="OBJ_56" tx="-0.90" />
			<Elem Name="OBJ_57" Mesh="OBJ_57" tx="1.00" />
			<Elem Name="OBJ_58" Mesh="OBJ_58" tx="-1.10" />
			<Elem Name="OBJ_59" Mesh="OBJ_59" tx="1.20" />
			<Elem Name="OBJ_60" Mesh="OBJ_60" tx="-1.30" />
			<Elem Name="OBJ_61" Mesh="OBJ_61" tx="1.40" />
			<Elem Name="OBJ_62" Mesh="OBJ_62" tx="-1.50" />
			<Elem Name="OBJ_63" Mesh="OBJ_63" tx="1.60" />
			<Elem Name="OBJ_64" Mesh="OBJ_64" tx="-1.70" />
		</MeshGroup>
	</Body>
</Root>
