<?xml version="1.0" encoding="UTF-8"?>
<Root>
	<Header Magic="GXDOA" Base="kas45.xpr" MirrorAxis="X" DefaultRotateOrder="XYZ" Author="" Date="20041205"/>
	<Body>
		<MeshGroup Name="Character">
			<Elem Name="Head" Mesh="OBJ_1" tx="0" ty="0.46749073" tz="-0.025109444"/>
			<Elem Name="Neck" Mesh="OBJ_19" tx="0" ty="0.46749073" tz="-0.025109444"/>
			<Elem Name="Chest" Mesh="OBJ_5" tx="0" ty="0.17999107" tz="0.0048907306"/>
			<Elem Name="Waist" Mesh="OBJ_32" tx="0" ty="0.17999013" tz="0.004891667"/>
			<Elem Name="Pelvis" Mesh="OBJ_6"/>
			<Elem Name="EyeBall" Mesh="OBJ_3" MirrorMesh="OBJ_4" tx="0.031" ty="0.58" tz="0.05"/>
			<Elem Name="Shoulder" Mesh="OBJ_8" MirrorMesh="OBJ_21" tx="0.12059" ty="0.40099" tz="-0.01865"/>
			<Elem Name="Bicep" Mesh="OBJ_17" MirrorMesh="OBJ_30" tx="0.12059" ty="0.40099" tz="-0.01865"/>
			<Elem Name="Elbow" Mesh="OBJ_9" MirrorMesh="OBJ_22" tx="0.359" ty="0.40099" tz="-0.01865"/>
			<Elem Name="Forearm" Mesh="OBJ_11" MirrorMesh="OBJ_24" tx="0.359" ty="0.40099" tz="-0.01865"/>
			<Elem Name="Hand" Mesh="OBJ_12" MirrorMesh="OBJ_25" tx="0.5985" ty="0.40099" tz="-0.01865"/>
			<Elem Name="Hip" Mesh="OBJ_15" MirrorMesh="OBJ_28" tx="0.07609" ty="-0.020502223" tz="-0.025713384"/>
			<Elem Name="Thigh" Mesh="OBJ_13" MirrorMesh="OBJ_26" tx="0.07609" ty="-0.020502223" tz="-0.025713384"/>
			<Elem Name="Knee" Mesh="OBJ_14" MirrorMesh="OBJ_27" tx="0.07609" ty="-0.42379814" tz="-0.025713384"/>
			<Elem Name="Calf" Mesh="OBJ_16" MirrorMesh="OBJ_29" tx="0.07609" ty="-0.42379814" tz="-0.025713384"/>
			<Elem Name="Ankle" Mesh="OBJ_7" MirrorMesh="OBJ_20" tx="0.07609" ty="-0.8437" tz="-0.025713384"/>
			<Elem Name="Foot" Mesh="OBJ_10" MirrorMesh="OBJ_23" tx="0.07609" ty="-0.8437" tz="-0.025713384"/>
			<Elem Name="OBJ_36" Mesh="OBJ_36" tx="-0.00294" ty="0.369440" tz="0.119240"/>
			<Elem Name="OBJ_37" Mesh="OBJ_37" tx="-0.00294" ty="0.369440" tz="0.119240"/>
			<Elem Name="Wrist" Mesh="OBJ_18" MirrorMesh="OBJ_31" tx="0.5985" ty="0.40099" tz="-0.01865"/></MeshGroup>
		<MeshGroup Name="LowPoly">
			<Elem Name="Head" Mesh="OBJ_2" tx="0" ty="0.46749073" tz="-0.025109444"/>
			<Elem Name="Chest" Mesh="OBJ_53" tx="0" ty="0.1790" tz="0.005"/>
			<Elem Name="pelvis" Mesh="OBJ_54"/>
			<Elem Name="Shoulder" Mesh="OBJ_60" MirrorMesh="OBJ_66" tx="0.12059" ty="0.40099" tz="-0.01865"/>
			<Elem Name="Forearm" Mesh="OBJ_56" MirrorMesh="OBJ_62" tx="0.359" ty="0.40099" tz="-0.01865"/>
			<Elem Name="Hand" Mesh="OBJ_57" MirrorMesh="OBJ_63" tx="0.5985" ty="0.40099" tz="-0.01865"/>
			<Elem Name="Thigh" Mesh="OBJ_58" MirrorMesh="OBJ_64" tx="0.07609" ty="-0.020502223" tz="-0.025713384"/>
			<Elem Name="Calf" Mesh="OBJ_59" MirrorMesh="OBJ_65" tx="0.07609" ty="-0.42379814" tz="-0.025713384"/>
			<Elem Name="Foot" Mesh="OBJ_55" MirrorMesh="OBJ_61" tx="0.07609" ty="-0.8437" tz="-0.025713384"/>
		</MeshGroup>
		<MeshGroup Name="Misc">
			<Elem Name="Hair" Mesh="OBJ_0" tx="0" ty="0.4665" tz="-0.025"/>
			<Elem Name="OBJ_33" Mesh="OBJ_33" tx="0.00"/>
			<Elem Name="OBJ_34" Mesh="OBJ_34" tx="-0.10"/>
			<Elem Name="OBJ_35" Mesh="OBJ_35" tx="0.20"/>
			<Elem Name="OBJ_38" Mesh="OBJ_38" tx="-0.30"/>
			<Elem Name="OBJ_39" Mesh="OBJ_39" tx="0.40"/>
			<Elem Name="OBJ_40" Mesh="OBJ_40" tx="-0.50"/>
			<Elem Name="OBJ_41" Mesh="OBJ_41" tx="0.60"/>
			<Elem Name="OBJ_42" Mesh="OBJ_42" tx="-0.70"/>
			<Elem Name="OBJ_43" Mesh="OBJ_43" tx="0.80"/>
			<Elem Name="OBJ_44" Mesh="OBJ_44" tx="-0.90"/>
			<Elem Name="OBJ_45" Mesh="OBJ_45" tx="1.00"/>
			<Elem Name="OBJ_46" Mesh="OBJ_46" tx="-1.10"/>
			<Elem Name="OBJ_47" Mesh="OBJ_47" tx="1.20"/>
			<Elem Name="OBJ_48" Mesh="OBJ_48" tx="-1.30"/>
			<Elem Name="OBJ_49" Mesh="OBJ_49" tx="1.40"/>
			<Elem Name="OBJ_50" Mesh="OBJ_50" tx="-1.50"/>
			<Elem Name="OBJ_51" Mesh="OBJ_51" tx="1.60"/>
			<Elem Name="OBJ_52" Mesh="OBJ_52" tx="-1.70"/>
		</MeshGroup>
	</Body>
</Root>
