<?xml version="1.0" encoding="UTF-8"?>
<Root><Header Magic="GXDOA" Base="kas78.xpr" MirrorAxis="X" Credit="Keypel" OrginalFile="kas78.ms_kas18.ms" Url="http://forums.ninjahacker.net/index.php?showtopic=3857" Date="20041120"/><Body><MeshGroup Name="Character"><Elem Name="OBJ_4" Mesh="OBJ_4" tx="0" ty="0.46749073" tz="-0.025109444"/><Elem Name="OBJ_6" Mesh="OBJ_6" tx="0" ty="0.17999107" tz="0.0048907297"/><Elem Name="OBJ_8" Mesh="OBJ_8" tx="0" ty="0" tz="0"/><Elem Name="OBJ_9" Mesh="OBJ_9" tx="-0.076110005" ty="-0.84370005" tz="-0.02571"/><Elem Name="OBJ_11" Mesh="OBJ_11" tx="0.36028999" ty="0.40098998" tz="-0.018649999"/><Elem Name="OBJ_12" Mesh="OBJ_12" tx="0.031739991" ty="0.57823038" tz="0.052754201"/><Elem Name="OBJ_13" Mesh="OBJ_13" tx="0.076090008" ty="-0.84370005" tz="-0.02571"/><Elem Name="OBJ_14" Mesh="OBJ_14" tx="0.36028999" ty="0.40098998" tz="-0.018649999"/><Elem Name="OBJ_15" Mesh="OBJ_15" tx="0.59999001" ty="0.40097916" tz="-0.018610001"/><Elem Name="OBJ_17" Mesh="OBJ_17" tx="-0.076110005" ty="-0.42379814" tz="-0.025713384"/><Elem Name="OBJ_18" Mesh="OBJ_18" tx="0.076090008" ty="-0.02050223" tz="-0.025713384"/><Elem Name="OBJ_19" Mesh="OBJ_19" tx="-0.076110005" ty="-0.42379814" tz="-0.025713384"/><Elem Name="OBJ_20" Mesh="OBJ_20" tx="0.12058998" ty="0.40098998" tz="-0.018649999"/><Elem Name="OBJ_21" Mesh="OBJ_21" tx="0.59999001" ty="0.40097916" tz="-0.018610001"/><Elem Name="OBJ_22" Mesh="OBJ_22" tx="0" ty="0.46749073" tz="-0.025109444"/><Elem Name="OBJ_23" Mesh="OBJ_23" tx="0.076090008" ty="-0.84370005" tz="-0.02571"/><Elem Name="OBJ_24" Mesh="OBJ_24" tx="-0.12060998" ty="0.40098998" tz="-0.018649999"/><Elem Name="OBJ_25" Mesh="OBJ_25" tx="-0.36030999" ty="0.40098998" tz="-0.018649999"/><Elem Name="OBJ_26" Mesh="OBJ_26" tx="-0.031758275" ty="0.57823038" tz="0.052754205"/><Elem Name="OBJ_27" Mesh="OBJ_27" tx="-0.076110005" ty="-0.84370005" tz="-0.02571"/><Elem Name="OBJ_28" Mesh="OBJ_28" tx="-0.36030999" ty="0.40098998" tz="-0.018649999"/><Elem Name="OBJ_29" Mesh="OBJ_29" tx="-0.60000998" ty="0.40097916" tz="-0.018610001"/><Elem Name="OBJ_31" Mesh="OBJ_31" tx="0.076090008" ty="-0.42379814" tz="-0.025713384"/><Elem Name="OBJ_32" Mesh="OBJ_32" tx="-0.076110005" ty="-0.020502221" tz="-0.025713384"/><Elem Name="OBJ_7" Mesh="OBJ_7" tx="0" ty="0.46749073" tz="-0.025109444"/><Elem Name="OBJ_10" Mesh="OBJ_10" tx="0.12058998" ty="0.40098998" tz="-0.018649999"/><Elem Name="OBJ_33" Mesh="OBJ_33" tx="0.076090008" ty="-0.42379814" tz="-0.025713384"/><Elem Name="OBJ_34" Mesh="OBJ_34" tx="-0.12060998" ty="0.40098998" tz="-0.018649999"/><Elem Name="OBJ_35" Mesh="OBJ_35" tx="-0.60000998" ty="0.40097916" tz="-0.018610001"/><Elem Name="OBJ_37" Mesh="OBJ_37" tx="0" ty="0.17999107" tz="0.0048907297"/></MeshGroup><MeshGroup Name="Misc"><Elem Name="OBJ_0" Mesh="OBJ_0" tx="0"/><Elem Name="OBJ_1" Mesh="OBJ_1" tx="0.1"/><Elem Name="OBJ_2" Mesh="OBJ_2" tx="-0.2"/><Elem Name="OBJ_3" Mesh="OBJ_3" tx="0.3"/><Elem Name="OBJ_5" Mesh="OBJ_5" tx="-0.4"/><Elem Name="OBJ_16" Mesh="OBJ_16" tx="0.5"/><Elem Name="OBJ_30" Mesh="OBJ_30" tx="-0.6"/><Elem Name="OBJ_36" Mesh="OBJ_36" tx="0.7"/><Elem Name="OBJ_38" Mesh="OBJ_38" tx="-0.8"/><Elem Name="OBJ_39" Mesh="OBJ_39" tx="0.9"/><Elem Name="OBJ_40" Mesh="OBJ_40" tx="-1"/><Elem Name="OBJ_41" Mesh="OBJ_41" tx="1.1"/><Elem Name="OBJ_42" Mesh="OBJ_42" tx="-1.2"/><Elem Name="OBJ_43" Mesh="OBJ_43" tx="1.3"/><Elem Name="OBJ_44" Mesh="OBJ_44" tx="-1.4"/><Elem Name="OBJ_45" Mesh="OBJ_45" tx="1.5"/><Elem Name="OBJ_46" Mesh="OBJ_46" tx="-1.6"/><Elem Name="OBJ_47" Mesh="OBJ_47" tx="1.7"/><Elem Name="OBJ_48" Mesh="OBJ_48" tx="-1.8"/><Elem Name="OBJ_49" Mesh="OBJ_49" tx="1.9"/><Elem Name="OBJ_50" Mesh="OBJ_50" tx="-2"/><Elem Name="OBJ_51" Mesh="OBJ_51" tx="2.1"/><Elem Name="OBJ_52" Mesh="OBJ_52" tx="-2.2"/><Elem Name="OBJ_53" Mesh="OBJ_53" tx="2.3"/><Elem Name="OBJ_54" Mesh="OBJ_54" tx="-2.4"/><Elem Name="OBJ_55" Mesh="OBJ_55" tx="2.5"/><Elem Name="OBJ_56" Mesh="OBJ_56" tx="-2.6"/><Elem Name="OBJ_57" Mesh="OBJ_57" tx="2.7"/><Elem Name="OBJ_58" Mesh="OBJ_58" tx="-2.8"/><Elem Name="OBJ_59" Mesh="OBJ_59" tx="2.9"/><Elem Name="OBJ_60" Mesh="OBJ_60" tx="-3"/><Elem Name="OBJ_61" Mesh="OBJ_61" tx="3.1"/><Elem Name="OBJ_62" Mesh="OBJ_62" tx="-3.2"/><Elem Name="OBJ_63" Mesh="OBJ_63" tx="3.3"/><Elem Name="OBJ_64" Mesh="OBJ_64" tx="-3.4"/><Elem Name="OBJ_65" Mesh="OBJ_65" tx="3.5"/><Elem Name="OBJ_66" Mesh="OBJ_66" tx="-3.6"/><Elem Name="OBJ_67" Mesh="OBJ_67" tx="3.7"/><Elem Name="OBJ_68" Mesh="OBJ_68" tx="-3.8"/><Elem Name="OBJ_69" Mesh="OBJ_69" tx="3.9"/><Elem Name="OBJ_70" Mesh="OBJ_70" tx="-4"/><Elem Name="OBJ_71" Mesh="OBJ_71" tx="4.1"/><Elem Name="OBJ_72" Mesh="OBJ_72" tx="-4.2"/><Elem Name="OBJ_73" Mesh="OBJ_73" tx="4.3"/><Elem Name="OBJ_74" Mesh="OBJ_74" tx="-4.4"/><Elem Name="OBJ_75" Mesh="OBJ_75" tx="4.5"/><Elem Name="OBJ_76" Mesh="OBJ_76" tx="-4.6"/><Elem Name="OBJ_77" Mesh="OBJ_77" tx="4.7"/><Elem Name="OBJ_78" Mesh="OBJ_78" tx="-4.8"/><Elem Name="OBJ_79" Mesh="OBJ_79" tx="4.9"/><Elem Name="OBJ_80" Mesh="OBJ_80" tx="-5"/><Elem Name="OBJ_81" Mesh="OBJ_81" tx="5.1"/><Elem Name="OBJ_82" Mesh="OBJ_82" tx="-5.2"/><Elem Name="OBJ_83" Mesh="OBJ_83" tx="5.3"/><Elem Name="OBJ_84" Mesh="OBJ_84" tx="-5.4"/><Elem Name="OBJ_85" Mesh="OBJ_85" tx="5.5"/><Elem Name="OBJ_86" Mesh="OBJ_86" tx="-5.6"/><Elem Name="OBJ_87" Mesh="OBJ_87" tx="5.7"/><Elem Name="OBJ_88" Mesh="OBJ_88" tx="-5.8"/><Elem Name="OBJ_89" Mesh="OBJ_89" tx="5.9"/></MeshGroup></Body></Root>
