<?xml version="1.0" encoding="UTF-8"?>
<Root><Header Magic="GXDOA" Base="lei02.xpr" MirrorAxis="X" Credit="Keypel" OrginalFile="lei02.3ds.ms" Url="http://forums.ninjahacker.net/index.php?showtopic=3857" Date="20041209"/><Body><MeshGroup Name="Character"><Elem Name="OBJ_0" Mesh="OBJ_0" tx="0" ty="0.19588999" tz="-0.01001"/><Elem Name="OBJ_1" Mesh="OBJ_1" tx="0" ty="0" tz="0"/><Elem Name="OBJ_2" Mesh="OBJ_2" tx="0.071189992" ty="-0.83981013" tz="-0.02400999"/><Elem Name="OBJ_3" Mesh="OBJ_3" tx="0.11719002" ty="0.42089" tz="-0.034910001"/><Elem Name="OBJ_4" Mesh="OBJ_4" tx="0.33278996" ty="0.42089" tz="-0.034909997"/><Elem Name="OBJ_5" Mesh="OBJ_5" tx="0.071189992" ty="-0.83981013" tz="-0.02400999"/><Elem Name="OBJ_6" Mesh="OBJ_6" tx="0.33278999" ty="0.42089" tz="-0.034909997"/><Elem Name="OBJ_7" Mesh="OBJ_7" tx="0.33278999" ty="0.42089" tz="-0.034909997"/><Elem Name="OBJ_8" Mesh="OBJ_8" tx="0.54839003" ty="0.42088801" tz="-0.034909997"/><Elem Name="OBJ_9" Mesh="OBJ_9" tx="0.071190029" ty="-0.0098099997" tz="-0.024010142"/><Elem Name="OBJ_10" Mesh="OBJ_10" tx="0.071190029" ty="-0.42481005" tz="-0.024009993"/><Elem Name="OBJ_11" Mesh="OBJ_11" tx="0.071190029" ty="-0.0098099997" tz="-0.024010142"/><Elem Name="OBJ_12" Mesh="OBJ_12" tx="0.071190029" ty="-0.42481005" tz="-0.024009993"/><Elem Name="OBJ_13" Mesh="OBJ_13" tx="0.11719002" ty="0.42089" tz="-0.034910001"/><Elem Name="OBJ_14" Mesh="OBJ_14" tx="0.54839003" ty="0.42088801" tz="-0.034909997"/><Elem Name="OBJ_15" Mesh="OBJ_15" tx="0" ty="0.47839001" tz="-0.02001"/><Elem Name="OBJ_16" Mesh="OBJ_16" tx="-0.071209982" ty="-0.83981013" tz="-0.02400999"/><Elem Name="OBJ_17" Mesh="OBJ_17" tx="-0.11720993" ty="0.42089" tz="-0.034910001"/><Elem Name="OBJ_18" Mesh="OBJ_18" tx="-0.33280969" ty="0.42089" tz="-0.034909997"/><Elem Name="OBJ_19" Mesh="OBJ_19" tx="-0.071209982" ty="-0.83981013" tz="-0.02400999"/><Elem Name="OBJ_20" Mesh="OBJ_20" tx="-0.33280972" ty="0.42089" tz="-0.034909997"/><Elem Name="OBJ_21" Mesh="OBJ_21" tx="-0.33280972" ty="0.42089" tz="-0.034909997"/><Elem Name="OBJ_22" Mesh="OBJ_22" tx="-0.54840899" ty="0.42088801" tz="-0.034909997"/><Elem Name="OBJ_23" Mesh="OBJ_23" tx="-0.071209982" ty="-0.0098100044" tz="-0.024010142"/><Elem Name="OBJ_24" Mesh="OBJ_24" tx="-0.071210019" ty="-0.42481005" tz="-0.024009993"/><Elem Name="OBJ_25" Mesh="OBJ_25" tx="-0.071209982" ty="-0.0098099997" tz="-0.024010142"/><Elem Name="OBJ_26" Mesh="OBJ_26" tx="-0.071210019" ty="-0.42481005" tz="-0.024009993"/><Elem Name="OBJ_27" Mesh="OBJ_27" tx="-0.11720993" ty="0.42089" tz="-0.034910001"/><Elem Name="OBJ_28" Mesh="OBJ_28" tx="-0.54840899" ty="0.42088801" tz="-0.034909997"/><Elem Name="OBJ_29" Mesh="OBJ_29" tx="0" ty="0.19588999" tz="-0.01001"/><Elem Name="OBJ_31" Mesh="OBJ_31" tx="0" ty="0.47839001" tz="-0.02001"/><Elem Name="OBJ_32" Mesh="OBJ_32" tx="0.032040004" ty="0.59581387" tz="0.041613687"/><Elem Name="OBJ_33" Mesh="OBJ_33" tx="-0.032055207" ty="0.59581387" tz="0.041613687"/></MeshGroup><MeshGroup Name="Misc"><Elem Name="OBJ_34" Mesh="OBJ_34" tx="0"/><Elem Name="OBJ_35" Mesh="OBJ_35" tx="0.1"/><Elem Name="OBJ_36" Mesh="OBJ_36" tx="-0.2"/><Elem Name="OBJ_37" Mesh="OBJ_37" tx="0.3"/><Elem Name="OBJ_38" Mesh="OBJ_38" tx="-0.4"/><Elem Name="OBJ_39" Mesh="OBJ_39" tx="0.5"/><Elem Name="OBJ_40" Mesh="OBJ_40" tx="-0.6"/><Elem Name="OBJ_41" Mesh="OBJ_41" tx="0.7"/><Elem Name="OBJ_42" Mesh="OBJ_42" tx="-0.8"/><Elem Name="OBJ_43" Mesh="OBJ_43" tx="0.9"/><Elem Name="OBJ_44" Mesh="OBJ_44" tx="-1"/><Elem Name="OBJ_45" Mesh="OBJ_45" tx="1.1"/><Elem Name="OBJ_46" Mesh="OBJ_46" tx="-1.2"/><Elem Name="OBJ_47" Mesh="OBJ_47" tx="1.3"/><Elem Name="OBJ_48" Mesh="OBJ_48" tx="-1.4"/><Elem Name="OBJ_49" Mesh="OBJ_49" tx="1.5"/><Elem Name="OBJ_50" Mesh="OBJ_50" tx="-1.6"/><Elem Name="OBJ_51" Mesh="OBJ_51" tx="1.7"/><Elem Name="OBJ_52" Mesh="OBJ_52" tx="-1.8"/><Elem Name="OBJ_53" Mesh="OBJ_53" tx="1.9"/><Elem Name="OBJ_54" Mesh="OBJ_54" tx="-2"/><Elem Name="OBJ_55" Mesh="OBJ_55" tx="2.1"/><Elem Name="OBJ_56" Mesh="OBJ_56" tx="-2.2"/><Elem Name="OBJ_57" Mesh="OBJ_57" tx="2.3"/><Elem Name="OBJ_58" Mesh="OBJ_58" tx="-2.4"/><Elem Name="OBJ_59" Mesh="OBJ_59" tx="2.5"/><Elem Name="OBJ_60" Mesh="OBJ_60" tx="-2.6"/><Elem Name="OBJ_61" Mesh="OBJ_61" tx="2.7"/><Elem Name="OBJ_62" Mesh="OBJ_62" tx="-2.8"/><Elem Name="OBJ_63" Mesh="OBJ_63" tx="2.9"/><Elem Name="OBJ_30" Mesh="OBJ_30" tx="0" ty="0.47839001" tz="-0.02001"/></MeshGroup></Body></Root>
