<?xml version="1.0" encoding="UTF-8"?>
<Root>
	<Header Magic="GXDOA" Base="leo05.xpr" MirrorAxis="X" DefaultRotateOrder="XYZ" Author="" Date="20041202"/>
	<Body>
		<MeshGroup Name="Character">
			<Elem Name="Head" Mesh="OBJ_3" tx="0" ty="0.5938003659" tz="-0.006"/>
			<Elem Name="Chest" Mesh="OBJ_2" tx="0" ty="0.233799994" tz="-0.006"/>
			<Elem Name="Waist" Mesh="OBJ_35" tx="0" ty="0.233799994" tz="-0.006"/>
			<Elem Name="Pelvis" Mesh="OBJ_5"/>
			<Elem Name="EyeBall" Mesh="OBJ_9" MirrorMesh="OBJ_24" tx="0.03436679961" ty="0.7051500699" tz="0.07407248806"/>
			<Elem Name="Shoulder" Mesh="OBJ_7" MirrorMesh="OBJ_22" tx="0.2132001221" ty="0.4838" tz="-0.0245"/>
			<Elem Name="Bicep" Mesh="OBJ_18" MirrorMesh="OBJ_33" tx="0.2132001221" ty="0.4838" tz="-0.0245"/>
			<Elem Name="Elbow" Mesh="OBJ_8" MirrorMesh="OBJ_23" tx="0.4874999598" ty="0.4838" tz="-0.0245"/>
			<Elem Name="Forearm" Mesh="OBJ_11" MirrorMesh="OBJ_26" tx="0.4874999598" ty="0.4838" tz="-0.0245"/>
			<Elem Name="Wrist" Mesh="OBJ_19" MirrorMesh="OBJ_34" tx="0.7617999418" ty="0.4838" tz="-0.0245"/>
			<Elem Name="Hand" Mesh="OBJ_13" MirrorMesh="OBJ_28" tx="0.7617999418" ty="0.4838" tz="-0.0245"/>
			<Elem Name="Hip" Mesh="OBJ_16" MirrorMesh="OBJ_31" tx="0.0802" ty="-0.01729997993" tz="-0.02709995769"/>
			<Elem Name="Thigh" Mesh="OBJ_14" MirrorMesh="OBJ_29" tx="0.0802" ty="-0.01729997993" tz="-0.02709995769"/>
			<Elem Name="Knee" Mesh="OBJ_15" MirrorMesh="OBJ_30" tx="0.0802" ty="-0.472299993" tz="-0.02709995769"/>
			<Elem Name="Calf" Mesh="OBJ_17" MirrorMesh="OBJ_32" tx="0.0802" ty="-0.472299993" tz="-0.02709995769"/>
			<Elem Name="Ankle" Mesh="OBJ_6" MirrorMesh="OBJ_21" tx="0.0802" ty="-0.9273000211" tz="-0.02709995769"/>
			<Elem Name="Foot" Mesh="OBJ_10" MirrorMesh="OBJ_25" tx="0.0802" ty="-0.9273000211" tz="-0.02709995769"/>
			<Elem Name="Forearm1" Mesh="OBJ_12" MirrorMesh="OBJ_27" tx="0.4874999598" ty="0.4838" tz="-0.0245"/>
			<Elem Name="Neck" Mesh="OBJ_20" tx="0" ty="0.5938003659" tz="-0.006"/>
			<Elem Name="OBJ_0" Mesh="OBJ_0" tx="0" ty="0.725503659" tz="-0.106" rx="22"/>
			<Elem Name="OBJ_1" Mesh="OBJ_1" tx="-0.0095" ty="0.725503659" tz="-0.106" rx="22" ry=""/>
		</MeshGroup>
		<MeshGroup Name="LowPoly">
			<Elem Name="Head" Mesh="OBJ_37" tx="0" ty="0.5938003659" tz="-0.006"/>
			<Elem Name="Chest" Mesh="OBJ_36" tx="0" ty="0.233799994" tz="-0.006"/>
			<Elem Name="pelvis" Mesh="OBJ_38"/>
			<Elem Name="Forearm" Mesh="OBJ_40" MirrorMesh="OBJ_46" tx="0.4874999598" ty="0.4838" tz="-0.0245"/>
			<Elem Name="Hand" Mesh="OBJ_41" MirrorMesh="OBJ_47" tx="0.7617999418" ty="0.4838" tz="-0.0245"/>
			<Elem Name="Thigh" Mesh="OBJ_42" MirrorMesh="OBJ_48" tx="0.0802" ty="-0.01729997993" tz="-0.02709995769"/>
			<Elem Name="Calf" Mesh="OBJ_43" MirrorMesh="OBJ_49" tx="0.0802" ty="-0.472299993" tz="-0.02709995769"/>
			<Elem Name="Foot" Mesh="OBJ_39" MirrorMesh="OBJ_45" tx="0.0802" ty="-0.9273000211" tz="-0.02709995769"/>
			<Elem Name="Shoulder" Mesh="OBJ_44" MirrorMesh="OBJ_50" ty="0.4838" tz="-0.0245" tx="0.2132001221"/></MeshGroup>
		<MeshGroup Name="Misc">
			<Elem Name="Hair" Mesh="OBJ_4" tx="0" ty="0.5938003659" tz="-0.006"/>
			<Elem Name="OBJ_51" Mesh="OBJ_51" tx="0.00"/>
			<Elem Name="OBJ_52" Mesh="OBJ_52" tx="-0.10"/>
			<Elem Name="OBJ_53" Mesh="OBJ_53" tx="0.20"/>
			<Elem Name="OBJ_54" Mesh="OBJ_54" tx="-0.30"/>
			<Elem Name="OBJ_55" Mesh="OBJ_55" tx="0.40"/>
			<Elem Name="OBJ_56" Mesh="OBJ_56" tx="-0.50"/>
			<Elem Name="OBJ_57" Mesh="OBJ_57" tx="0.60"/>
			<Elem Name="OBJ_58" Mesh="OBJ_58" tx="-0.70"/>
			<Elem Name="OBJ_59" Mesh="OBJ_59" tx="0.80"/>
			<Elem Name="OBJ_60" Mesh="OBJ_60" tx="-0.90"/>
			<Elem Name="OBJ_61" Mesh="OBJ_61" tx="1.00"/>
			<Elem Name="OBJ_62" Mesh="OBJ_62" tx="-1.10"/>
			<Elem Name="OBJ_63" Mesh="OBJ_63" tx="1.20"/>
			<Elem Name="OBJ_64" Mesh="OBJ_64" tx="-1.30"/>
			<Elem Name="OBJ_65" Mesh="OBJ_65" tx="1.40"/>
		</MeshGroup>
	</Body>
</Root>
