<?xml version="1.0" encoding="UTF-8"?>
<Root>
	<Header Magic="GXDOA" Base="ryu08.xpr" MirrorAxis="X" DefaultRotateOrder="XYZ" Author="" Date="20041130"/>
	<Body>
		<MeshGroup Name="Character">
			<Elem Name="Head" Mesh="OBJ_1" tx="0" ty="0.5473999977" tz="-0.009999990463"/>
			<Elem Name="Chest" Mesh="OBJ_0" tx="0" ty="0.2073999941" tz="0.01999999583"/>
			<Elem Name="Waist" Mesh="OBJ_37" tx="0" ty="0.2073999941" tz="0.01999999583"/>
			<Elem Name="Pelvis" Mesh="OBJ_2"/>
			<Elem Name="EyeBall" Mesh="OBJ_10" MirrorMesh="OBJ_25" tx="0.0305220393" ty="0.6636459928" tz="0.08559781567"/>
			<Elem Name="Shoulder" Mesh="OBJ_5" MirrorMesh="OBJ_23" tx="0.1799999913" ty="0.4673999697" tz="0.01999999955"/>
			<Elem Name="Bicep" Mesh="OBJ_19" MirrorMesh="OBJ_34" tx="0.1799999913" ty="0.4673999697" tz="0.01999999955"/>
			<Elem Name="Elbow" Mesh="OBJ_9" MirrorMesh="OBJ_24" tx="0.4543001046" ty="0.4674000889" tz="0.01999999955"/>
			<Elem Name="Forearm" Mesh="OBJ_12" MirrorMesh="OBJ_27" tx="0.4543001046" ty="0.4674000889" tz="0.01999999955"/>
			<Elem Name="Wrist" Mesh="OBJ_20" MirrorMesh="OBJ_35" tx="0.7285983581" ty="0.4674011823" tz="0.02000007126"/>
			<Elem Name="Hand" Mesh="OBJ_14" MirrorMesh="OBJ_29" tx="0.7285983581" ty="0.4674011823" tz="0.02000007126"/>
			<Elem Name="Hip" Mesh="OBJ_17" MirrorMesh="OBJ_32" tx="0.0761000365" ty="-0.01679994166" tz="-0.024999924"/>
			<Elem Name="Thigh" Mesh="OBJ_15" MirrorMesh="OBJ_30" tx="0.0761000365" ty="-0.01679994166" tz="-0.024999924"/>
			<Elem Name="Knee" Mesh="OBJ_16" MirrorMesh="OBJ_31" tx="0.0761000365" ty="-0.4537999481" tz="-0.024999924"/>
			<Elem Name="Calf" Mesh="OBJ_18" MirrorMesh="OBJ_33" tx="0.0761000365" ty="-0.4537999481" tz="-0.024999924"/>
			<Elem Name="Ankle" Mesh="OBJ_4" MirrorMesh="OBJ_22" tx="0.0761000365" ty="-0.8907999843" tz="-0.024999924"/>
			<Elem Name="Foot" Mesh="OBJ_11" MirrorMesh="OBJ_26" tx="0.0761000365" ty="-0.8907999843" tz="-0.024999924"/>
			<Elem Name="Forearm1" Mesh="OBJ_13" MirrorMesh="OBJ_28" tx="0.4543001046" ty="0.4674000889" tz="0.01999999955"/>
			<Elem Name="Neck" Mesh="OBJ_21" tx="0" ty="0.5473999977" tz="-0.009999997914"/>
			<Elem Name="OBJ_36" Mesh="OBJ_36" tx="0" ty="0.2073999941" tz="0.01999999583"/>
		</MeshGroup>
		<MeshGroup Name="LowPoly">
			<Elem Name="Head" Mesh="OBJ_39" tx="0" ty="0.5473999977" tz="-0.009999990463"/>
			<Elem Name="Chest" Mesh="OBJ_38" tx="0" ty="0.2073999941" tz="0.01999999583"/>
			<Elem Name="pelvis" Mesh="OBJ_40"/>
			<Elem Name="Forearm" Mesh="OBJ_42" MirrorMesh="OBJ_48" tx="0.4543001046" ty="0.4674000889" tz="0.01999999955"/>
			<Elem Name="Hand" Mesh="OBJ_43" MirrorMesh="OBJ_49" tx="0.7285983581" ty="0.4674011823" tz="0.02000007126"/>
			<Elem Name="Thigh" Mesh="OBJ_44" MirrorMesh="OBJ_50" tx="0.0761000365" ty="-0.01679994166" tz="-0.024999924"/>
			<Elem Name="Calf" Mesh="OBJ_45" MirrorMesh="OBJ_51" tx="0.0761000365" ty="-0.4537999481" tz="-0.024999924"/>
			<Elem Name="Foot" Mesh="OBJ_41" MirrorMesh="OBJ_47" tx="0.07610002905" ty="-0.8907999843" tz="-0.024999924"/>
			<Elem Name="Shoulder" Mesh="OBJ_46" MirrorMesh="OBJ_52" ty="0.4673999697" tz="0.01999999955" tx="0.1799999913"/></MeshGroup>
		<MeshGroup Name="Misc">
			<Elem Name="OBJ_3" Mesh="OBJ_3" tx="0.00"/>
			<Elem Name="OBJ_6" Mesh="OBJ_6" tx="-0.10"/>
			<Elem Name="OBJ_7" Mesh="OBJ_7" tx="0.20"/>
			<Elem Name="OBJ_8" Mesh="OBJ_8" tx="-0.30"/>
			<Elem Name="OBJ_53" Mesh="OBJ_53" tx="0.40"/>
			<Elem Name="OBJ_54" Mesh="OBJ_54" tx="-0.50"/>
			<Elem Name="OBJ_55" Mesh="OBJ_55" tx="0.60"/>
			<Elem Name="OBJ_56" Mesh="OBJ_56" tx="-0.70"/>
			<Elem Name="OBJ_57" Mesh="OBJ_57" tx="0.80"/>
			<Elem Name="OBJ_58" Mesh="OBJ_58" tx="-0.90"/>
			<Elem Name="OBJ_59" Mesh="OBJ_59" tx="1.00"/>
			<Elem Name="OBJ_60" Mesh="OBJ_60" tx="-1.10"/>
			<Elem Name="OBJ_61" Mesh="OBJ_61" tx="1.20"/>
			<Elem Name="OBJ_62" Mesh="OBJ_62" tx="-1.30"/>
			<Elem Name="OBJ_63" Mesh="OBJ_63" tx="1.40"/>
			<Elem Name="OBJ_64" Mesh="OBJ_64" tx="-1.50"/>
			<Elem Name="OBJ_65" Mesh="OBJ_65" tx="1.60"/>
			<Elem Name="OBJ_66" Mesh="OBJ_66" tx="-1.70"/>
			<Elem Name="OBJ_67" Mesh="OBJ_67" tx="1.80"/>
		</MeshGroup>
	</Body>
</Root>
