<?xml version="1.0" encoding="UTF-8"?>
<Root>
	<Header Magic="GXDOA" Base="tng02.xpr" MirrorAxis="X" DefaultRotateOrder="XYZ" Author="" Date="20041201"/>
	<Body>
		<MeshGroup Name="Character">
			<Elem Name="Head" Mesh="OBJ_15" tx="0" ty="0.5028000474" tz="-0.03979994357"/>
			<Elem Name="Chest" Mesh="OBJ_14" tx="0" ty="0.2050999999" tz="-0.006000012159"/>
			<Elem Name="Waist" Mesh="OBJ_68" tx="0" ty="0.2050999999" tz="-0.005999997258"/>
			<Elem Name="Pelvis" Mesh="OBJ_16"/>
			<Elem Name="EyeBall" Mesh="OBJ_26" MirrorMesh="OBJ_48" tx="0.03627705665" ty="0.6897552965" tz="0.0596014427"/>
			<Elem Name="Shoulder" Mesh="OBJ_24" MirrorMesh="OBJ_46" tx="0.2831999958" ty="0.4837999" tz="-0.0659"/>
			<Elem Name="Bicep" Mesh="OBJ_37" MirrorMesh="OBJ_59" tx="0.2831999958" ty="0.4837999" tz="-0.0659"/>
			<Elem Name="Elbow" Mesh="OBJ_25" MirrorMesh="OBJ_47" tx="0.5375000834" ty="0.4837999" tz="-0.0659"/>
			<Elem Name="Forearm" Mesh="OBJ_28" MirrorMesh="OBJ_50" tx="0.5375000834" ty="0.4837999" tz="-0.0659"/>
			<Elem Name="Wrist" Mesh="OBJ_43" MirrorMesh="OBJ_65" tx="0.8117553666" ty="0.4837998" tz="-0.0659"/>
			<Elem Name="Hand" Mesh="OBJ_30" MirrorMesh="OBJ_52" tx="0.8117553666" ty="0.4837998" tz="-0.0659"/>
			<Elem Name="Hip" Mesh="OBJ_33" MirrorMesh="OBJ_55" tx="0.0899" ty="-0.0169" tz="-0.0271"/>
			<Elem Name="Thigh" Mesh="OBJ_31" MirrorMesh="OBJ_53" tx="0.0899" ty="-0.0169" tz="-0.0271"/>
			<Elem Name="Knee" Mesh="OBJ_32" MirrorMesh="OBJ_54" tx="0.0899" ty="-0.4507" tz="-0.0271"/>
			<Elem Name="Calf" Mesh="OBJ_36" MirrorMesh="OBJ_58" tx="0.0899" ty="-0.4507" tz="-0.0271"/>
			<Elem Name="Ankle" Mesh="OBJ_23" MirrorMesh="OBJ_45" tx="0.0899" ty="-0.8841" tz="-0.0271"/>
			<Elem Name="Foot" Mesh="OBJ_27" MirrorMesh="OBJ_49" tx="0.0899" ty="-0.8841" tz="-0.0271"/>
			<Elem Name="Forearm1" Mesh="OBJ_29" MirrorMesh="OBJ_51" tx="0.5375000834" ty="0.4837999" tz="-0.0659"/>
			<Elem Name="Neck" Mesh="OBJ_44" tx="0" ty="0.5028000474" tz="-0.03979994357"/>
		</MeshGroup>
		<MeshGroup Name="LowPoly">
			<Elem Name="Head" Mesh="OBJ_74" tx="0" ty="0.5028000474" tz="-0.03979994357"/>
			<Elem Name="Chest" Mesh="OBJ_73" tx="0" ty="0.2050999999" tz="-0.006000012159"/>
			<Elem Name="pelvis" Mesh="OBJ_75"/>
			<Elem Name="Forearm" Mesh="OBJ_77" MirrorMesh="OBJ_83" tx="0.5375000834" ty="0.4837999" tz="-0.0659"/>
			<Elem Name="Hand" Mesh="OBJ_78" MirrorMesh="OBJ_84" tx="0.8117553666" ty="0.4837998" tz="-0.0659"/>
			<Elem Name="Thigh" Mesh="OBJ_79" MirrorMesh="OBJ_85" tx="0.0899" ty="-0.0169" tz="-0.0271"/>
			<Elem Name="Calf" Mesh="OBJ_80" MirrorMesh="OBJ_86" tx="0.0899" ty="-0.4507" tz="-0.0271"/>
			<Elem Name="Foot" Mesh="OBJ_76" MirrorMesh="OBJ_82" tx="0.0899" ty="-0.8841" tz="-0.0271"/>
			<Elem Name="Shoulder" Mesh="OBJ_81" MirrorMesh="OBJ_87" ty="0.4837999" tz="-0.0659" tx="0.2831999958"/></MeshGroup>
		<MeshGroup Name="Misc">
			<Elem Name="OBJ_0" Mesh="OBJ_0" tx="0.00" />
			<Elem Name="OBJ_1" Mesh="OBJ_1" tx="-0.10" />
			<Elem Name="OBJ_2" Mesh="OBJ_2" tx="0.20" />
			<Elem Name="OBJ_3" Mesh="OBJ_3" tx="-0.30" />
			<Elem Name="OBJ_4" Mesh="OBJ_4" tx="0.40" />
			<Elem Name="OBJ_5" Mesh="OBJ_5" tx="-0.50" />
			<Elem Name="OBJ_6" Mesh="OBJ_6" tx="0.60" />
			<Elem Name="OBJ_7" Mesh="OBJ_7" tx="-0.70" />
			<Elem Name="OBJ_8" Mesh="OBJ_8" tx="0.80" />
			<Elem Name="OBJ_9" Mesh="OBJ_9" tx="-0.90" />
			<Elem Name="OBJ_10" Mesh="OBJ_10" tx="1.00" />
			<Elem Name="OBJ_11" Mesh="OBJ_11" tx="-1.10" />
			<Elem Name="OBJ_12" Mesh="OBJ_12" tx="1.20" />
			<Elem Name="OBJ_13" Mesh="OBJ_13" tx="-1.30" />
			<Elem Name="OBJ_17" Mesh="OBJ_17" tx="1.40" />
			<Elem Name="OBJ_18" Mesh="OBJ_18" tx="-1.50" />
			<Elem Name="OBJ_19" Mesh="OBJ_19" tx="1.60" />
			<Elem Name="OBJ_20" Mesh="OBJ_20" tx="-1.70" />
			<Elem Name="OBJ_21" Mesh="OBJ_21" tx="1.80" />
			<Elem Name="OBJ_22" Mesh="OBJ_22" tx="-1.90" />
			<Elem Name="OBJ_34" Mesh="OBJ_34" tx="2.00" />
			<Elem Name="OBJ_35" Mesh="OBJ_35" tx="-2.10" />
			<Elem Name="OBJ_38" Mesh="OBJ_38" tx="2.20" />
			<Elem Name="OBJ_39" Mesh="OBJ_39" tx="-2.30" />
			<Elem Name="OBJ_40" Mesh="OBJ_40" tx="2.40" />
			<Elem Name="OBJ_41" Mesh="OBJ_41" tx="-2.50" />
			<Elem Name="OBJ_42" Mesh="OBJ_42" tx="2.60" />
			<Elem Name="OBJ_56" Mesh="OBJ_56" tx="-2.70" />
			<Elem Name="OBJ_57" Mesh="OBJ_57" tx="2.80" />
			<Elem Name="OBJ_60" Mesh="OBJ_60" tx="-2.90" />
			<Elem Name="OBJ_61" Mesh="OBJ_61" tx="3.00" />
			<Elem Name="OBJ_62" Mesh="OBJ_62" tx="-3.10" />
			<Elem Name="OBJ_63" Mesh="OBJ_63" tx="3.20" />
			<Elem Name="OBJ_64" Mesh="OBJ_64" tx="-3.30" />
			<Elem Name="OBJ_66" Mesh="OBJ_66" tx="3.40" />
			<Elem Name="OBJ_67" Mesh="OBJ_67" tx="-3.50" />
			<Elem Name="OBJ_69" Mesh="OBJ_69" tx="3.60" />
			<Elem Name="OBJ_70" Mesh="OBJ_70" tx="-3.70" />
			<Elem Name="OBJ_71" Mesh="OBJ_71" tx="3.80" />
			<Elem Name="OBJ_72" Mesh="OBJ_72" tx="-3.90" />
			<Elem Name="OBJ_88" Mesh="OBJ_88" tx="4.00" />
			<Elem Name="OBJ_89" Mesh="OBJ_89" tx="-4.10" />
			<Elem Name="OBJ_90" Mesh="OBJ_90" tx="4.20" />
			<Elem Name="OBJ_91" Mesh="OBJ_91" tx="-4.30" />
			<Elem Name="OBJ_92" Mesh="OBJ_92" tx="4.40" />
			<Elem Name="OBJ_93" Mesh="OBJ_93" tx="-4.50" />
			<Elem Name="OBJ_94" Mesh="OBJ_94" tx="4.60" />
			<Elem Name="OBJ_95" Mesh="OBJ_95" tx="-4.70" />
			<Elem Name="OBJ_96" Mesh="OBJ_96" tx="4.80" />
			<Elem Name="OBJ_97" Mesh="OBJ_97" tx="-4.90" />
			<Elem Name="OBJ_98" Mesh="OBJ_98" tx="5.00" />
			<Elem Name="OBJ_99" Mesh="OBJ_99" tx="-5.10" />
			<Elem Name="OBJ_100" Mesh="OBJ_100" tx="5.20" />
			<Elem Name="OBJ_101" Mesh="OBJ_101" tx="-5.30" />
			<Elem Name="OBJ_102" Mesh="OBJ_102" tx="5.40" />
			<Elem Name="OBJ_103" Mesh="OBJ_103" tx="-5.50" />
		</MeshGroup>
	</Body>
</Root>
