<?xml version="1.0" encoding="UTF-8"?>
<Root>
	<Header Magic="GXDOA" Base="wba00.xpr" MirrorAxis="X" DefaultRotateOrder="XYZ" Author="" Date="20041119"/>
	<Body>
		<MeshGroup Name="Character">
			<Elem Name="Head" Mesh="OBJ_2" tx="0" ty="0.50279953" tz="-0.03990169048"/>
			<Elem Name="Chest" Mesh="OBJ_1" tx="0" ty="0.2337999725" tz="-0.005999856591"/>
			<Elem Name="Waist" Mesh="OBJ_33" tx="0" ty="0.2337999725" tz="-0.005999856591"/>
			<Elem Name="Pelvis" Mesh="OBJ_3"/>
			<Elem Name="EyeBall" Mesh="OBJ_7" MirrorMesh="OBJ_22" tx="0.032" ty="0.720" tz="0.0775"/>
			<Elem Name="Shoulder" Mesh="OBJ_5" MirrorMesh="OBJ_20" tx="0.2132000732" ty="0.4837997437" tz="-0.02450006962"/>
			<Elem Name="Bicep" Mesh="OBJ_16" MirrorMesh="OBJ_31" tx="0.2132000732" ty="0.4837997437" tz="-0.02450006962"/>
			<Elem Name="Elbow" Mesh="OBJ_6" MirrorMesh="OBJ_21" tx="0.4875" ty="0.4837997437" tz="-0.02450006962"/>
			<Elem Name="Forearm" Mesh="OBJ_9" MirrorMesh="OBJ_24" tx="0.4875" ty="0.4837997437" tz="-0.02450006962"/>
			<Elem Name="Wrist" Mesh="OBJ_17" MirrorMesh="OBJ_32" tx="0.7618000031" ty="0.4837997437" tz="-0.02450006962"/>
			<Elem Name="Hand" Mesh="OBJ_11" MirrorMesh="OBJ_26" tx="0.7618000031" ty="0.4837997437" tz="-0.02450006962"/>
			<Elem Name="Hip" Mesh="OBJ_14" MirrorMesh="OBJ_29" tx="0.08020004272" ty="-0.01730007172" tz="-0.02710038185"/>
			<Elem Name="Thigh" Mesh="OBJ_12" MirrorMesh="OBJ_27" tx="0.08020004272" ty="-0.01730007172" tz="-0.02710038185"/>
			<Elem Name="Knee" Mesh="OBJ_13" MirrorMesh="OBJ_28" tx="0.08020004272" ty="-0.4723001862" tz="-0.02710038185"/>
			<Elem Name="Calf" Mesh="OBJ_15" MirrorMesh="OBJ_30" tx="0.08020004272" ty="-0.4723001862" tz="-0.02710038185"/>
			<Elem Name="Ankle" Mesh="OBJ_4" MirrorMesh="OBJ_19" tx="0.08020004272" ty="-0.9273002625" tz="-0.02710038185"/>
			<Elem Name="Foot" Mesh="OBJ_8" MirrorMesh="OBJ_23" tx="0.08020004272" ty="-0.9273002625" tz="-0.02710038185"/>
			<Elem Name="Forearm1" Mesh="OBJ_10" MirrorMesh="OBJ_25" tx="0.4875" ty="0.4837997437" tz="-0.02450006962"/><Elem Name="Neck" Mesh="OBJ_18" tx="0" ty="0.50279953" tz="-0.03990169048"/></MeshGroup>
		<MeshGroup Name="Misc">
			<Elem Name="Hair" Mesh="OBJ_0" tx="0" ty="0.5025" tz="-0.04"/>
			<Elem Name="OBJ_34" Mesh="OBJ_34" tx="0.00"/>
			<Elem Name="OBJ_35" Mesh="OBJ_35" tx="-0.10"/>
			<Elem Name="OBJ_36" Mesh="OBJ_36" tx="0.20"/>
			<Elem Name="OBJ_37" Mesh="OBJ_37" tx="-0.30"/>
			<Elem Name="OBJ_38" Mesh="OBJ_38" tx="0.40"/>
			<Elem Name="OBJ_39" Mesh="OBJ_39" tx="-0.50"/>
			<Elem Name="OBJ_40" Mesh="OBJ_40" tx="0.60"/>
			<Elem Name="OBJ_41" Mesh="OBJ_41" tx="-0.70"/>
			<Elem Name="OBJ_42" Mesh="OBJ_42" tx="0.80"/>
			<Elem Name="OBJ_43" Mesh="OBJ_43" tx="-0.90"/>
			<Elem Name="OBJ_44" Mesh="OBJ_44" tx="1.00"/>
			<Elem Name="OBJ_45" Mesh="OBJ_45" tx="-1.10"/>
			<Elem Name="OBJ_46" Mesh="OBJ_46" tx="1.20"/>
			<Elem Name="OBJ_47" Mesh="OBJ_47" tx="-1.30"/>
			<Elem Name="OBJ_48" Mesh="OBJ_48" tx="1.40"/>
		</MeshGroup>
	</Body>
</Root>
