<?xml version="1.0" encoding="UTF-8"?>
<Root>
	<Header Magic="GXDOA" Base="zac05.xpr" MirrorAxis="X" DefaultRotateOrder="XYZ" Author="" Date="20041130"/>
	<Body>
		<MeshGroup Name="Character">
			<Elem Name="Head" Mesh="OBJ_21" tx="0" ty="0.5299998474" tz="-0.03501559734"/>
			<Elem Name="Chest" Mesh="OBJ_20" tx="0" ty="0.1999998474" tz="-0.01001541615"/>
			<Elem Name="Waist" Mesh="OBJ_50" tx="0" ty="0.1999998474" tz="-0.01001541615"/>
			<Elem Name="Pelvis" Mesh="OBJ_22"/>
			<Elem Name="Shoulder" Mesh="OBJ_24" MirrorMesh="OBJ_38" tx="0.185" ty="0.4799998474" tz="-0.01004805207" RotateOrder=""/>
			<Elem Name="Bicep" Mesh="OBJ_34" MirrorMesh="OBJ_48" tx="0.185" ty="0.4799998474" tz="-0.01004805207"/>
			<Elem Name="Elbow" Mesh="OBJ_25" MirrorMesh="OBJ_39" tx="0.4593" ty="0.4799998474" tz="-0.01004805207"/>
			<Elem Name="Forearm" Mesh="OBJ_27" MirrorMesh="OBJ_41" tx="0.4593" ty="0.4799998474" tz="-0.01004805207"/>
			<Elem Name="Wrist" Mesh="OBJ_35" MirrorMesh="OBJ_49" tx="0.720490036" ty="0.4799998474" tz="-0.01004805207"/>
			<Elem Name="Hand" Mesh="OBJ_29" MirrorMesh="OBJ_43" tx="0.720490036" ty="0.4799998474" tz="-0.01004805207"/>
			<Elem Name="Hip" Mesh="OBJ_32" MirrorMesh="OBJ_46" tx="0.0761000061" ty="-0.01679973602" tz="-0.02570002079"/>
			<Elem Name="Thigh" Mesh="OBJ_30" MirrorMesh="OBJ_44" tx="0.0761000061" ty="-0.01679973602" tz="-0.02570002079"/>
			<Elem Name="Knee" Mesh="OBJ_31" MirrorMesh="OBJ_45" tx="0.0761000061" ty="-0.4537994766" tz="-0.02570002079"/>
			<Elem Name="Calf" Mesh="OBJ_33" MirrorMesh="OBJ_47" tx="0.0761000061" ty="-0.4537994766" tz="-0.02570002079"/>
			<Elem Name="Ankle" Mesh="OBJ_23" MirrorMesh="OBJ_37" tx="0.0761000061" ty="-0.8907996368" tz="-0.02570002079"/>
			<Elem Name="Foot" Mesh="OBJ_26" MirrorMesh="OBJ_40" tx="0.0761000061" ty="-0.8907996368" tz="-0.02570002079"/>
			<Elem Name="Forearm1" Mesh="OBJ_28" MirrorMesh="OBJ_42" tx="0.4593" ty="0.4799998474" tz="-0.01004805207"/>
			<Elem Name="Neck" Mesh="OBJ_36" tx="0" ty="0.5299998474" tz="-0.03501559734"/>
			<Elem Name="OBJ_0" Mesh="OBJ_0" tx="0.0043505044" ty="0.77519113" tz="-0.02183575" /> 
			<Elem Name="OBJ_1" Mesh="OBJ_1" tx="0.0043505044" ty="0.77519113" tz="-0.02183575" /> 
			<Elem Name="OBJ_2" Mesh="OBJ_2" tx="0.0043505044" ty="0.77519113" tz="-0.02183575" /> 
			<Elem Name="OBJ_3" Mesh="OBJ_3" tx="0.0043505044" ty="0.77519113" tz="-0.02183575" /> 
			<Elem Name="OBJ_4" Mesh="OBJ_4" tx="0.0043505044" ty="0.77519113" tz="-0.02183575" /> 
			<Elem Name="OBJ_5" Mesh="OBJ_5" tx="0.0043505044" ty="0.77519113" tz="-0.02183575" /> 
			<Elem Name="OBJ_6" Mesh="OBJ_6" tx="0.0043505044" ty="0.77519113" tz="-0.02183575" /> 
			<Elem Name="OBJ_7" Mesh="OBJ_7" tx="0.0043505044" ty="0.77519113" tz="-0.02183575" /> 
			<Elem Name="OBJ_8" Mesh="OBJ_8" tx="0.0043505044" ty="0.77519113" tz="-0.02183575" /> 
			<Elem Name="OBJ_9" Mesh="OBJ_9" tx="0.0043505044" ty="0.77519113" tz="-0.02183575" /> 
			<Elem Name="OBJ_10" Mesh="OBJ_10" tx="0.0043505044" ty="0.77519113" tz="-0.02183575" /> 
			<Elem Name="OBJ_11" Mesh="OBJ_11" tx="0.0043505044" ty="0.77519113" tz="-0.02183575" /> 
			<Elem Name="OBJ_12" Mesh="OBJ_12" tx="0.0043505044" ty="0.77519113" tz="-0.02183575" /> 
			<Elem Name="OBJ_13" Mesh="OBJ_13" tx="0.0043505044" ty="0.77519113" tz="-0.02183575" /> 
			<Elem Name="OBJ_14" Mesh="OBJ_14" tx="0.0043505044" ty="0.77519113" tz="-0.02183575" /> 
			<Elem Name="OBJ_15" Mesh="OBJ_15" tx="0.0043505044" ty="0.77519113" tz="-0.02183575" /> 
			<Elem Name="OBJ_16" Mesh="OBJ_16" tx="0.0043505044" ty="0.77519113" tz="-0.02183575" /> 
			<Elem Name="OBJ_17" Mesh="OBJ_17" tx="0.0043505044" ty="0.77519113" tz="-0.02183575" /> 
			<Elem Name="OBJ_18" Mesh="OBJ_18" tx="0.0043505044" ty="0.77519113" tz="-0.02183575" /> 
			<Elem Name="OBJ_19" Mesh="OBJ_19" tx="0.0043505044" ty="0.77519113" tz="-0.02183575" /> 
		</MeshGroup>
		<MeshGroup Name="LowPoly">
			<Elem Name="Head" Mesh="OBJ_52" tx="0" ty="0.5299998474" tz="-0.03501559734"/>
			<Elem Name="Chest" Mesh="OBJ_51" tx="0" ty="0.1999998474" tz="-0.01001541615"/>
			<Elem Name="pelvis" Mesh="OBJ_53"/>
			<Elem Name="Forearm" Mesh="OBJ_55" MirrorMesh="OBJ_61" tx="0.4593" ty="0.4799998474" tz="-0.01004805207"/>
			<Elem Name="Hand" Mesh="OBJ_56" MirrorMesh="OBJ_62" tx="0.720490036" ty="0.4799998474" tz="-0.01004805207"/>
			<Elem Name="Thigh" Mesh="OBJ_57" MirrorMesh="OBJ_63" tx="0.0761000061" ty="-0.01679973602" tz="-0.02570002079"/>
			<Elem Name="Calf" Mesh="OBJ_58" MirrorMesh="OBJ_64" tx="0.0761000061" ty="-0.4537994766" tz="-0.02570002079"/>
			<Elem Name="Foot" Mesh="OBJ_54" MirrorMesh="OBJ_60" tx="0.0761000061" ty="-0.8907996368" tz="-0.02570002079"/>
			<Elem Name="Shoulder" Mesh="OBJ_59" MirrorMesh="OBJ_65" ty="0.4799998474" tz="-0.01004805207" tx="0.185"/></MeshGroup>
		<MeshGroup Name="Misc">
			<Elem Name="OBJ_66" Mesh="OBJ_66" tx="0.00" />
			<Elem Name="OBJ_67" Mesh="OBJ_67" tx="-0.10" />
			<Elem Name="OBJ_68" Mesh="OBJ_68" tx="0.20" />
			<Elem Name="OBJ_69" Mesh="OBJ_69" tx="-0.30" />
			<Elem Name="OBJ_70" Mesh="OBJ_70" tx="0.40" />
			<Elem Name="OBJ_71" Mesh="OBJ_71" tx="-0.50" />
			<Elem Name="OBJ_72" Mesh="OBJ_72" tx="0.60" />
			<Elem Name="OBJ_73" Mesh="OBJ_73" tx="-0.70" />
			<Elem Name="OBJ_74" Mesh="OBJ_74" tx="0.80" />
			<Elem Name="OBJ_75" Mesh="OBJ_75" tx="-0.90" />
			<Elem Name="OBJ_76" Mesh="OBJ_76" tx="1.00" />
			<Elem Name="OBJ_77" Mesh="OBJ_77" tx="-1.10" />
			<Elem Name="OBJ_78" Mesh="OBJ_78" tx="1.20" />
			<Elem Name="OBJ_79" Mesh="OBJ_79" tx="-1.30" />
			<Elem Name="OBJ_80" Mesh="OBJ_80" tx="1.40" />
		</MeshGroup>
	</Body>
</Root>
