<?xml version="1.0" encoding="UTF-8"?>
<Root>
	<Header Magic="GXDOA" Base="zac04.xpr" MirrorAxis="X" DefaultRotateOrder="XYZ" Author="" Date="20041130"/>
	<Body>
		<MeshGroup Name="Character">
			<Elem Name="Head" Mesh="OBJ_2" tx="0" ty="0.5299998474" tz="-0.03501559734"/>
			<Elem Name="Chest" Mesh="OBJ_0" tx="0" ty="0.1999998474" tz="-0.01001541615"/>
			<Elem Name="Waist" Mesh="OBJ_29" tx="0" ty="0.1999998474" tz="-0.01001541615"/>
			<Elem Name="Pelvis" Mesh="OBJ_3"/>
			<Elem Name="Shoulder" Mesh="OBJ_5" MirrorMesh="OBJ_18" tx="0.185" ty="0.4799998474" tz="-0.01004805207" RotateOrder=""/>
			<Elem Name="Bicep" Mesh="OBJ_14" MirrorMesh="OBJ_27" tx="0.185" ty="0.4799998474" tz="-0.01004805207"/>
			<Elem Name="Elbow" Mesh="OBJ_6" MirrorMesh="OBJ_19" tx="0.4593" ty="0.4799998474" tz="-0.01004805207"/>
			<Elem Name="Forearm" Mesh="OBJ_8" MirrorMesh="OBJ_21" tx="0.4593" ty="0.4799998474" tz="-0.01004805207"/>
			<Elem Name="Wrist" Mesh="OBJ_15" MirrorMesh="OBJ_28" tx="0.720490036" ty="0.4799998474" tz="-0.01004805207"/>
			<Elem Name="Hand" Mesh="OBJ_9" MirrorMesh="OBJ_22" tx="0.720490036" ty="0.4799998474" tz="-0.01004805207"/>
			<Elem Name="Hip" Mesh="OBJ_12" MirrorMesh="OBJ_25" tx="0.0761000061" ty="-0.01679973602" tz="-0.02570002079"/>
			<Elem Name="Thigh" Mesh="OBJ_10" MirrorMesh="OBJ_23" tx="0.0761000061" ty="-0.01679973602" tz="-0.02570002079"/>
			<Elem Name="Knee" Mesh="OBJ_11" MirrorMesh="OBJ_24" tx="0.0761000061" ty="-0.4537994766" tz="-0.02570002079"/>
			<Elem Name="Calf" Mesh="OBJ_13" MirrorMesh="OBJ_26" tx="0.0761000061" ty="-0.4537994766" tz="-0.02570002079"/>
			<Elem Name="Ankle" Mesh="OBJ_4" MirrorMesh="OBJ_17" tx="0.0761000061" ty="-0.8907996368" tz="-0.02570002079"/>
			<Elem Name="Foot" Mesh="OBJ_7" MirrorMesh="OBJ_20" tx="0.0761000061" ty="-0.8907996368" tz="-0.02570002079"/>
			<Elem Name="Neck" Mesh="OBJ_16" tx="0" ty="0.5299998474" tz="-0.03501559734"/>
			<Elem Name="OBJ_1" Mesh="OBJ_1" tx="0" ty="0.52998984" tz="-0.035025597" /> 
		</MeshGroup>
		<MeshGroup Name="LowPoly">
			<Elem Name="Head" Mesh="OBJ_54" tx="0" ty="0.5299998474" tz="-0.03501559734"/>
			<Elem Name="Chest" Mesh="OBJ_53" tx="0" ty="0.1999998474" tz="-0.01001541615"/>
			<Elem Name="pelvis" Mesh="OBJ_55"/>
			<Elem Name="Forearm" Mesh="OBJ_57" MirrorMesh="OBJ_63" tx="0.4593" ty="0.4799998474" tz="-0.01004805207"/>
			<Elem Name="Hand" Mesh="OBJ_58" MirrorMesh="OBJ_64" tx="0.720490036" ty="0.4799998474" tz="-0.01004805207"/>
			<Elem Name="Thigh" Mesh="OBJ_59" MirrorMesh="OBJ_65" tx="0.0761000061" ty="-0.01679973602" tz="-0.02570002079"/>
			<Elem Name="Calf" Mesh="OBJ_60" MirrorMesh="OBJ_66" tx="0.0761000061" ty="-0.4537994766" tz="-0.02570002079"/>
			<Elem Name="Foot" Mesh="OBJ_56" MirrorMesh="OBJ_62" tx="0.0761000061" ty="-0.8907996368" tz="-0.02570002079"/>
			<Elem Name="Shoulder" Mesh="OBJ_61" MirrorMesh="OBJ_67" ty="0.4799998474" tz="-0.01004805207" tx="0.185"/></MeshGroup>
		<MeshGroup Name="Misc">
			<Elem Name="OBJ_30" Mesh="OBJ_30" tx="0.00" />
			<Elem Name="OBJ_31" Mesh="OBJ_31" tx="-0.10" />
			<Elem Name="OBJ_32" Mesh="OBJ_32" tx="0.20" />
			<Elem Name="OBJ_33" Mesh="OBJ_33" tx="-0.30" />
			<Elem Name="OBJ_34" Mesh="OBJ_34" tx="0.40" />
			<Elem Name="OBJ_35" Mesh="OBJ_35" tx="-0.50" />
			<Elem Name="OBJ_36" Mesh="OBJ_36" tx="0.60" />
			<Elem Name="OBJ_37" Mesh="OBJ_37" tx="-0.70" />
			<Elem Name="OBJ_38" Mesh="OBJ_38" tx="0.80" />
			<Elem Name="OBJ_39" Mesh="OBJ_39" tx="-0.90" />
			<Elem Name="OBJ_40" Mesh="OBJ_40" tx="1.00" />
			<Elem Name="OBJ_41" Mesh="OBJ_41" tx="-1.10" />
			<Elem Name="OBJ_42" Mesh="OBJ_42" tx="1.20" />
			<Elem Name="OBJ_43" Mesh="OBJ_43" tx="-1.30" />
			<Elem Name="OBJ_44" Mesh="OBJ_44" tx="1.40" />
			<Elem Name="OBJ_45" Mesh="OBJ_45" tx="-1.50" />
			<Elem Name="OBJ_46" Mesh="OBJ_46" tx="1.60" />
			<Elem Name="OBJ_47" Mesh="OBJ_47" tx="-1.70" />
			<Elem Name="OBJ_48" Mesh="OBJ_48" tx="1.80" />
			<Elem Name="OBJ_49" Mesh="OBJ_49" tx="-1.90" />
			<Elem Name="OBJ_50" Mesh="OBJ_50" tx="2.00" />
			<Elem Name="OBJ_51" Mesh="OBJ_51" tx="-2.10" />
			<Elem Name="OBJ_52" Mesh="OBJ_52" tx="2.20" />
			<Elem Name="OBJ_68" Mesh="OBJ_68" tx="-2.30" />
			<Elem Name="OBJ_69" Mesh="OBJ_69" tx="2.40" />
			<Elem Name="OBJ_70" Mesh="OBJ_70" tx="-2.50" />
			<Elem Name="OBJ_71" Mesh="OBJ_71" tx="2.60" />
			<Elem Name="OBJ_72" Mesh="OBJ_72" tx="-2.70" />
			<Elem Name="OBJ_73" Mesh="OBJ_73" tx="2.80" />
			<Elem Name="OBJ_74" Mesh="OBJ_74" tx="-2.90" />
			<Elem Name="OBJ_75" Mesh="OBJ_75" tx="3.00" />
			<Elem Name="OBJ_76" Mesh="OBJ_76" tx="-3.10" />
			<Elem Name="OBJ_77" Mesh="OBJ_77" tx="3.20" />
			<Elem Name="OBJ_78" Mesh="OBJ_78" tx="-3.30" />
			<Elem Name="OBJ_79" Mesh="OBJ_79" tx="3.40" />
			<Elem Name="OBJ_80" Mesh="OBJ_80" tx="-3.50" />
			<Elem Name="OBJ_81" Mesh="OBJ_81" tx="3.60" />
			<Elem Name="OBJ_82" Mesh="OBJ_82" tx="-3.70" />
		</MeshGroup>
	</Body>
</Root>
