<?xml version="1.0" encoding="UTF-8" ?> 
<Root>
<Header Magic="GXDOA" Base="gen00.xpr" MirrorAxis="X" Author=""/> 
<Body>
<MeshGroup Name="Character">
<Elem Name="OBJ_1" Mesh="OBJ_1" tx="0.0020" ty="0.4665" tz="-0.025" />
<Elem Name="Head" Mesh="OBJ_2" tx="0" ty="0.4665" tz="-0.025" />
<Elem Name="Chest" Mesh="OBJ_0" tx="0" ty="0.1790" tz="0.005" /> 
<Elem Name="pelvis" Mesh="OBJ_3" /> 

<Elem Name="Shoulder" Mesh="OBJ_9" MirrorMesh="OBJ_15" tx="0.120" ty="0.4" tz="-0.02" rx="0" ry="90" rz="0"/> 
<Elem Name="Forearm"  Mesh="OBJ_5" MirrorMesh="OBJ_11" tx="0.359" ty="0.4" tz="-0.02" rx="0" ry="-90" rz="0"/> 
<Elem Name="Hand"     Mesh="OBJ_6" MirrorMesh="OBJ_12" tx="0.5885" ty="0.4" tz="-0.02" /> 

<Elem Name="Thigh" Mesh="OBJ_7" MirrorMesh="OBJ_13" tx="0.0761" ty="-0.0205" tz="-0.0257" rx="90" ry="-90" rz="0"/> 
<Elem Name="Calf" Mesh="OBJ_8" MirrorMesh="OBJ_14" tx="0.0761" ty="-0.4238" tz="-0.0257" rx="-90" ry="90" rz="0" /> 
<Elem Name="Foot" Mesh="OBJ_4" MirrorMesh="OBJ_10" tx="0.0761" ty="-0.8437" tz="-0.0257" />
</MeshGroup>
<MeshGroup Name="Misc">
 <Elem Name="OBJ_16" Mesh="OBJ_16" tx="-0.00" />
 <Elem Name="OBJ_17" Mesh="OBJ_17" tx="0.10" />
 <Elem Name="OBJ_18" Mesh="OBJ_18" tx="-0.20" />
 <Elem Name="OBJ_19" Mesh="OBJ_19" tx="0.30" />
</MeshGroup>
</Body>
</Root>