<?xml version="1.0" encoding="UTF-8" ?> 
<Root>
<Header Magic="GXDOA" Base="gen00.xpr" MirrorAxis="X" Author=""/> 
<Body>
<MeshGroup Name="Character">
<Elem Name="Hair" Mesh="OBJ_21" tx="0" ty="0.5588" tz="-0.105" rx="45" />
<Elem Name="Hair" Mesh="OBJ_22" tx="0" ty="0.5188" tz="-0.145" rx="45" />
<Elem Name="Hair" Mesh="OBJ_23" tx="0" ty="0.4588" tz="-0.205" rx="45" />
<Elem Name="Head" Mesh="OBJ_7" tx="0" ty="0.4688" tz="-0.025" />
<Elem Name="Chest" Mesh="OBJ_3" tx="0" ty="0.2205" tz="0.00" /> 
<Elem Name="pelvis" Mesh="OBJ_8" /> 
<Elem Name="Waist" Mesh="OBJ_0" tx="0" ty="0.0135" tz="-0.140" />
<Elem Name="Waist" Mesh="OBJ_1" tx="0" ty="-0.0405" tz="-0.140" />
<Elem Name="Waist" Mesh="OBJ_2" tx="0" ty="-0.0955" tz="-0.140" />
<Elem Name="Waist" Mesh="OBJ_4" tx="0" ty="0.0555" tz="0.070" />
<Elem Name="Waist" Mesh="OBJ_5" tx="0" ty="-0.0145" tz="0.070" />
<Elem Name="Waist" Mesh="OBJ_6" tx="0" ty="-0.0845" tz="0.070" />

<Elem Name="Shoulder" Mesh="OBJ_14" MirrorMesh="OBJ_20" tx="0.120" ty="0.440" tz="-0.02" rx="0" ry="90" rz="0"/> 
<Elem Name="Forearm"  Mesh="OBJ_10" MirrorMesh="OBJ_16" tx="0.344" ty="0.440" tz="-0.02" rx="0" ry="-90" rz="0"/> 
<Elem Name="Hand"     Mesh="OBJ_11" MirrorMesh="OBJ_17" tx="0.5950" ty="0.440" tz="-0.02" /> 

<Elem Name="Thigh" Mesh="OBJ_12" MirrorMesh="OBJ_18" tx="0.0761" ty="0.-03" tz="-0.0257" rx="90" ry="-90"/> 
<Elem Name="Calf" Mesh="OBJ_13" MirrorMesh="OBJ_19" tx="0.0761" ty="-0.4038" tz="-0.0257" rx="-90" ry="90"/> 
<Elem Name="Foot" Mesh="OBJ_9" MirrorMesh="OBJ_15" tx="0.0761" ty="-0.8437" tz="-0.0257" />
</MeshGroup>
<MeshGroup Name="Misc">
 <Elem Name="OBJ_24" Mesh="OBJ_24" tx="-0.60" />
 <Elem Name="OBJ_25" Mesh="OBJ_25" tx="0.70" />
 <Elem Name="OBJ_26" Mesh="OBJ_26" tx="0.80" />
 <Elem Name="OBJ_27" Mesh="OBJ_27" tx="0.90" />
</MeshGroup>
</Body>
</Root>