<?xml version="1.0" encoding="UTF-8" ?> 
<Root>
<Header Magic="GXDOA" Base="gen00.xpr" MirrorAxis="X" Author=""/> 
<Body>
<MeshGroup Name="Character">
<Elem Name="Hair" Mesh="OBJ_20" tx="0" ty="0.6708" tz="-0.105" rx="45" />
<Elem Name="Hair" Mesh="OBJ_21" tx="0" ty="0.6428" tz="-0.135" rx="45" />
<Elem Name="Hair" Mesh="OBJ_22" tx="0" ty="0.6148" tz="-0.165" rx="45" />
<Elem Name="OBJ_1" Mesh="OBJ_1" tx="0" ty="0.6328" tz="-0.025" rx="0" />
<Elem Name="Head" Mesh="OBJ_2" tx="0" ty="0.4788" tz="-0.025" />
<Elem Name="Chest" Mesh="OBJ_0" tx="0" ty="0.2205" tz="0.00" /> 
<Elem Name="pelvis" Mesh="OBJ_3" /> 
<Elem Name="Waist" Mesh="OBJ_7" MirrorMesh="OBJ_15" tx="0.1100" ty="0.1200" rz="25" />
<Elem Name="Waist" Mesh="OBJ_8" MirrorMesh="OBJ_16" tx="0.1100" ty="0.1200" rz="25" />

<Elem Name="Shoulder" Mesh="OBJ_11" MirrorMesh="OBJ_19" tx="0.120" ty="0.440" tz="-0.02" rx="0" ry="90" rz="0"/> 
<Elem Name="Forearm"  Mesh="OBJ_5" MirrorMesh="OBJ_13" tx="0.334" ty="0.440" tz="-0.02" rx="0" ry="-90" rz="0"/> 
<Elem Name="Hand"     Mesh="OBJ_6" MirrorMesh="OBJ_14" tx="0.5780" ty="0.440" tz="-0.02" /> 

<Elem Name="Thigh" Mesh="OBJ_9" MirrorMesh="OBJ_17" tx="0.0761" ty="0.-03" tz="-0.0257" rx="90" ry="-90"/> 
<Elem Name="Calf" Mesh="OBJ_10" MirrorMesh="OBJ_18" tx="0.0761" ty="-0.4038" tz="-0.0257" rx="-90" ry="90"/> 
<Elem Name="Foot" Mesh="OBJ_4" MirrorMesh="OBJ_12" tx="0.0761" ty="-0.8437" tz="-0.0257" />
</MeshGroup>
<MeshGroup Name="Misc">
 <Elem Name="OBJ_23" Mesh="OBJ_23" tx="-0.00" />
 <Elem Name="OBJ_24" Mesh="OBJ_24" tx="0.10" />
 <Elem Name="OBJ_25" Mesh="OBJ_25" tx="0.20" />
 <Elem Name="OBJ_26" Mesh="OBJ_26" tx="0.30" />
 <Elem Name="OBJ_27" Mesh="OBJ_27" tx="0.40" />
 <Elem Name="OBJ_28" Mesh="OBJ_28" tx="0.50" />
</MeshGroup>
</Body>
</Root>