<?xml version="1.0" encoding="UTF-8" ?> 
<Root>
<Header Magic="GXDOA" Base="gen00.xpr" MirrorAxis="X" Author=""/> 
<Body>
<MeshGroup Name="Character">
<Elem Name="Head" Mesh="OBJ_4" tx="0" ty="0.4488" tz="-0.025" />
<Elem Name="Chest" Mesh="OBJ_3" tx="0" ty="0.2205" tz="0.00" /> 
<Elem Name="pelvis" Mesh="OBJ_17" /> 
<Elem Name="OBJ_0" Mesh="OBJ_0" tx="-0.224" ty="0.420" tz="-0.02" />
<Elem Name="OBJ_1" Mesh="OBJ_1" tx="-0.224" ty="0.370" tz="-0.02" />
<Elem Name="OBJ_2" Mesh="OBJ_2" tx="-0.224" ty="0.320" tz="-0.02" />

<Elem Name="Shoulder" Mesh="OBJ_10" MirrorMesh="OBJ_16" tx="0.120" ty="0.440" tz="-0.02" rx="0" ry="90" rz="0"/> 
<Elem Name="Forearm"  Mesh="OBJ_6" MirrorMesh="OBJ_12" tx="0.344" ty="0.440" tz="-0.02" rx="0" ry="-90" rz="0"/> 
<Elem Name="Hand"     Mesh="OBJ_7" MirrorMesh="OBJ_13" tx="0.5900" ty="0.440" tz="-0.02" /> 

<Elem Name="Thigh" Mesh="OBJ_8" MirrorMesh="OBJ_14" tx="0.0761" ty="0.-03" tz="-0.0257" rx="90" ry="-90"/> 
<Elem Name="Calf" Mesh="OBJ_9" MirrorMesh="OBJ_15" tx="0.0761" ty="-0.4038" tz="-0.0257" rx="-90" ry="90"/> 
<Elem Name="Foot" Mesh="OBJ_5" MirrorMesh="OBJ_11" tx="0.0761" ty="-0.8437" tz="-0.0257" />
</MeshGroup>
<MeshGroup Name="Misc">
 <Elem Name="OBJ_18" Mesh="OBJ_18" tx="0.00" />
 <Elem Name="OBJ_19" Mesh="OBJ_19" tx="-0.10" />
 <Elem Name="OBJ_20" Mesh="OBJ_20" tx="0.20" />
 <Elem Name="OBJ_21" Mesh="OBJ_21" tx="-0.30" />
</MeshGroup>
</Body>
</Root>