<?xml version="1.0" encoding="UTF-8" ?> 
<Root>
<Header Magic="GXDOA" Base="gen00.xpr" MirrorAxis="X" Author=""/> 
<Body>
<MeshGroup Name="Character">
<Elem Name="Hair" Mesh="OBJ_1" tx="0" ty="0.7988" tz="0.035" rx="180" />
<Elem Name="Hair" Mesh="OBJ_2" tx="0" ty="0.8388" tz="0.039" rx="180" />
<Elem Name="Hair" Mesh="OBJ_3" tx="0" ty="0.8788" tz="0.046" rx="160" />
<Elem Name="Hair" Mesh="OBJ_4" tx="0" ty="0.9288" tz="0.055" rx="140" />
<Elem Name="Head" Mesh="OBJ_5" tx="0" ty="0.5088" tz="-0.025" />
<Elem Name="Chest" Mesh="OBJ_0" tx="0" ty="0.2205" tz="0.00" /> 
<Elem Name="pelvis" Mesh="OBJ_6" /> 

<Elem Name="Shoulder" Mesh="OBJ_12" MirrorMesh="OBJ_18" tx="0.155" ty="0.475" tz="-0.02" rx="0" ry="90" rz="0"/> 
<Elem Name="Forearm"  Mesh="OBJ_8" MirrorMesh="OBJ_14" tx="0.399" ty="0.475" tz="-0.02" rx="0" ry="-90" rz="0"/> 
<Elem Name="Hand"     Mesh="OBJ_9" MirrorMesh="OBJ_15" tx="0.6885" ty="0.475" tz="-0.02" /> 

<Elem Name="Thigh" Mesh="OBJ_10" MirrorMesh="OBJ_16" tx="0.0761" ty="0.03" tz="-0.0257" rx="90" ry="-90"/> 
<Elem Name="Calf" Mesh="OBJ_11" MirrorMesh="OBJ_17" tx="0.0761" ty="-0.4338" tz="-0.0257" rx="-90" ry="90"/> 
<Elem Name="Foot" Mesh="OBJ_7" MirrorMesh="OBJ_13" tx="0.0761" ty="-0.8437" tz="-0.0257" />
</MeshGroup>
<MeshGroup Name="Misc">
 <Elem Name="OBJ_19" Mesh="OBJ_19" tx="0.00" />
 <Elem Name="OBJ_20" Mesh="OBJ_20" tx="-0.10" />
</MeshGroup>
</Body>
</Root>