﻿<?xml version="1.0" encoding="UTF-8"?>
<Root>
<Header Magic="GXDOA" Base="aya02.xpr" MirrorAxis="X" DefaultRotateOrder="XYZ" Author="" Date=""/>
<Body>
<MeshGroup Name="Character">
 <Elem Name="Head"   Mesh="OBJ_2"  tx="0" ty="0.4665" tz="-0.025"/>
 <Elem Name="Neck"   Mesh="OBJ_18" tx="0" ty="0.4665" tz="-0.025"/>
 <Elem Name="Chest"  Mesh="OBJ_1"  tx="0" ty="0.179" tz="0.005"/>
 <Elem Name="Waist"  Mesh="OBJ_32" tx="0" ty="0.179" tz="0.005"/>
 <Elem Name="pelvis" Mesh="OBJ_3"/>

 <Elem Name="EyeBall" Mesh="OBJ_7" MirrorMesh="OBJ_22" tx="0.031" ty="0.578" tz="0.05"/>

 <Elem Name="Shoulder" Mesh="OBJ_5"  MirrorMesh="OBJ_20" tx="0.1205" ty="0.4" tz="-0.01855" rx="0" ry="90" rz="0"/>
 <Elem Name="Bicep"    Mesh="OBJ_16" MirrorMesh="OBJ_31" tx="0.1205" ty="0.4" tz="-0.01855" rx="0" ry="90" rz="0"/>
 <Elem Name="Elbow"    Mesh="OBJ_6"  MirrorMesh="OBJ_21" tx="0.359"  ty="0.4" tz="-0.01855" rx="0" ry="-90" rz="0"/>
 <Elem Name="Forearm"  Mesh="OBJ_9"  MirrorMesh="OBJ_24" tx="0.359"  ty="0.4" tz="-0.01855" rx="0" ry="-90" rz="0"/>
 <Elem Name="Forearm1" Mesh="OBJ_10" MirrorMesh="OBJ_25" tx="0.359"  ty="0.4" tz="-0.01855" rx="0" ry="-90" rz="0"/>
 <Elem Name="Wrist"    Mesh="OBJ_17" MirrorMesh="OBJ_33" tx="0.5987" ty="0.4" tz="-0.01855" rx="0" ry="0" rz="0"/>
 <Elem Name="Hand"     Mesh="OBJ_11" MirrorMesh="OBJ_26" tx="0.5987" ty="0.4" tz="-0.01855" rx="0" ry="0" rz="0"/>

 <Elem Name="Hip"   Mesh="OBJ_14" MirrorMesh="OBJ_29" tx="0.0755" ty="-0.020"  tz="-0.026" rx="0" ry="-90" rz="90"/>
 <Elem Name="Thigh" Mesh="OBJ_12" MirrorMesh="OBJ_27" tx="0.0755" ty="-0.0195" tz="-0.026" rx="0" ry="-90" rz="90"/>
 <Elem Name="Knee"  Mesh="OBJ_13" MirrorMesh="OBJ_28" tx="0.0755" ty="-0.421"  tz="-0.026" rx="0" ry="90" rz="90"/>
 <Elem Name="Calf"  Mesh="OBJ_15" MirrorMesh="OBJ_30" tx="0.0755" ty="-0.421"  tz="-0.026" rx="0" ry="90" rz="90"/>
 <Elem Name="ankle" Mesh="OBJ_4"  MirrorMesh="OBJ_19" tx="0.0755" ty="-0.8409" tz="-0.026"/>
 <Elem Name="Foot"  Mesh="OBJ_8"  MirrorMesh="OBJ_23" tx="0.0755" ty="-0.8409" tz="-0.026"/>
</MeshGroup>
<MeshGroup Name="LowPoly">
 <Elem Name="Head"   Mesh="OBJ_48"  tx="0" ty="0.4665" tz="-0.025"/>
 <Elem Name="Chest"  Mesh="OBJ_47"  tx="0" ty="0.179" tz="0.005"/>
 <Elem Name="pelvis" Mesh="OBJ_49" />

 <Elem Name="Bicep"    Mesh="OBJ_55" MirrorMesh="OBJ_61" tx="0.1205" ty="0.4" tz="-0.01855" rx="0" ry="90" rz="0"/>
 <Elem Name="Forearm"  Mesh="OBJ_51" MirrorMesh="OBJ_57" tx="0.359"  ty="0.4" tz="-0.01855" rx="0" ry="-90" rz="0"/>
 <Elem Name="Hand"     Mesh="OBJ_52" MirrorMesh="OBJ_58" tx="0.5987" ty="0.4" tz="-0.01855" rx="0" ry="0" rz="0"/>

 <Elem Name="Thigh" Mesh="OBJ_53" MirrorMesh="OBJ_59" tx="0.0755" ty="-0.0195" tz="-0.026" rx="0" ry="-90" rz="90"/>
 <Elem Name="Calf"  Mesh="OBJ_54" MirrorMesh="OBJ_60" tx="0.0755" ty="-0.4210" tz="-0.026" rx="0" ry="90" rz="90"/>
 <Elem Name="Foot"  Mesh="OBJ_50" MirrorMesh="OBJ_56" tx="0.0755" ty="-0.8409" tz="-0.026"/>
</MeshGroup>
<MeshGroup Name="Misc">
 <Elem Name="hair" Mesh="OBJ_0"/>

 <Elem Name="OBJ_34" Mesh="OBJ_34" tx="0.00" />
 <Elem Name="OBJ_35" Mesh="OBJ_35" tx="-0.10" />
 <Elem Name="OBJ_36" Mesh="OBJ_36" tx="0.20" />
 <Elem Name="OBJ_37" Mesh="OBJ_37" tx="-0.30" />
 <Elem Name="OBJ_38" Mesh="OBJ_38" tx="0.40" />
 <Elem Name="OBJ_39" Mesh="OBJ_39" tx="-0.50" />
 <Elem Name="OBJ_40" Mesh="OBJ_40" tx="0.60" />
 <Elem Name="OBJ_41" Mesh="OBJ_41" tx="-0.70" />
 <Elem Name="OBJ_42" Mesh="OBJ_42" tx="0.80" />
 <Elem Name="OBJ_43" Mesh="OBJ_43" tx="-0.90" />
 <Elem Name="OBJ_44" Mesh="OBJ_44" tx="1.00" />
 <Elem Name="OBJ_45" Mesh="OBJ_45" tx="-1.10" />
 <Elem Name="OBJ_46" Mesh="OBJ_46" tx="1.20" />
 <Elem Name="OBJ_62" Mesh="OBJ_62" tx="-1.30" />
 <Elem Name="OBJ_63" Mesh="OBJ_63" tx="1.40" />
 <Elem Name="OBJ_64" Mesh="OBJ_64" tx="-1.50" />
 <Elem Name="OBJ_65" Mesh="OBJ_65" tx="1.60" />
 <Elem Name="OBJ_66" Mesh="OBJ_66" tx="-1.70" />
 <Elem Name="OBJ_67" Mesh="OBJ_67" tx="1.80" />
 <Elem Name="OBJ_68" Mesh="OBJ_68" tx="-1.90" />
 <Elem Name="OBJ_69" Mesh="OBJ_69" tx="2.00" />
 <Elem Name="OBJ_70" Mesh="OBJ_70" tx="-2.10" />
 <Elem Name="OBJ_71" Mesh="OBJ_71" tx="2.20" />
 <Elem Name="OBJ_72" Mesh="OBJ_72" tx="-2.30" />
 <Elem Name="OBJ_73" Mesh="OBJ_73" tx="2.40" />
 <Elem Name="OBJ_74" Mesh="OBJ_74" tx="-2.50" />
 <Elem Name="OBJ_75" Mesh="OBJ_75" tx="2.60" />
 <Elem Name="OBJ_76" Mesh="OBJ_76" tx="-2.70" />
</MeshGroup>
</Body>
</Root>