﻿<?xml version="1.0" encoding="UTF-8"?>
<Root>
<Header Magic="GXDOA" Base="bas01.xpr" MirrorAxis="X" DefaultRotateOrder="XYZ" Author="" Date=""/>
<Body>
<MeshGroup Name="Character">
 <Elem Name="Hat"   Mesh="OBJ_1"  tx="0" ty="0.72" tz="0.00"/>
 <Elem Name="Glasses"   Mesh="OBJ_17"  tx="0" ty="0.7125" tz="0.112" rx="5"/>

 <Elem Name="Head"   Mesh="OBJ_2"  tx="0" ty="0.5025" tz="-0.04"/>
 <Elem Name="Neck"   Mesh="OBJ_" tx="0" ty="0.5025" tz="-0.04"/>
 <Elem Name="Chest"  Mesh="OBJ_0"  tx="0" ty="0.2338" tz="-0.006"/>
 <Elem Name="Waist"  Mesh="OBJ_30" tx="0" ty="0.2338" tz="-0.006"/>
 <Elem Name="pelvis" Mesh="OBJ_4"/>

 <Elem Name="EyeBall" Mesh="OBJ_8" MirrorMesh="OBJ_21" tx="0.032" ty="0.699" tz="0.0775"/>

 <Elem Name="Shoulder" Mesh="OBJ_6" MirrorMesh="OBJ_19" tx="0.2131" ty="0.484" tz="-0.0245" rx="0" ry="90" rz="0"/>
 <Elem Name="Bicep"    Mesh="OBJ_16" MirrorMesh="OBJ_29" tx="0.2131" ty="0.484" tz="-0.0245" rx="0" ry="90" rz="0"/>
 <Elem Name="Elbow"    Mesh="OBJ_7" MirrorMesh="OBJ_20" tx="0.4831" ty="0.484" tz="-0.0245" rx="0" ry="-90" rz="0"/>
 <Elem Name="Forearm"  Mesh="OBJ_10" MirrorMesh="OBJ_23" tx="0.4831" ty="0.484" tz="-0.0245" rx="0" ry="-90" rz="0"/>
 <Elem Name="Wrist"    Mesh="OBJ_" MirrorMesh="OBJ_" tx="0.4831" ty="0.484" tz="-0.0245" rx="0" ry="-90" rz="0"/>
 <Elem Name="Wrist2"   Mesh="OBJ_" MirrorMesh="OBJ_" tx="0.7575" ty="0.484" tz="-0.0245"/>
 <Elem Name="Hand"     Mesh="OBJ_11" MirrorMesh="OBJ_24" tx="0.7575" ty="0.484" tz="-0.0245"/>

 <Elem Name="Hip"   Mesh="OBJ_14" MirrorMesh="OBJ_27" tx="0.080" ty="-0.0173" tz="-0.0268" rx="0" ry="-90" rz="90"/>
 <Elem Name="Thigh" Mesh="OBJ_12" MirrorMesh="OBJ_25" tx="0.080" ty="-0.0173" tz="-0.0268" rx="0" ry="-90" rz="90"/>
 <Elem Name="Knee"  Mesh="OBJ_13" MirrorMesh="OBJ_26" tx="0.080" ty="-0.4723" tz="-0.0268" rx="0" ry="90" rz="90"/>
 <Elem Name="Calf"  Mesh="OBJ_15" MirrorMesh="OBJ_28" tx="0.080" ty="-0.4723" tz="-0.0268" rx="0" ry="90" rz="90"/>
 <Elem Name="Ankle" Mesh="OBJ_5" MirrorMesh="OBJ_18" tx="0.080" ty="-0.9272" tz="-0.0268"/>
 <Elem Name="Foot"  Mesh="OBJ_9" MirrorMesh="OBJ_22" tx="0.080" ty="-0.9272" tz="-0.0268"/>
</MeshGroup>
<MeshGroup Name="LowPoly">
 <Elem Name="Hat"   Mesh="OBJ_1"  tx="0" ty="0.72" tz="0.00"/>
 <Elem Name="Glasses"   Mesh="OBJ_17"  tx="0" ty="0.7125" tz="0.112" rx="5"/>

 <Elem Name="Head"   Mesh="OBJ_"  tx="0" ty="0.5025" tz="-0.04"/>
 <Elem Name="Chest"  Mesh="OBJ_"  tx="0" ty="0.2338" tz="-0.006"/>
 <Elem Name="pelvis" Mesh="OBJ_"/>

 <Elem Name="Shoulder" Mesh="OBJ_36" MirrorMesh="OBJ_42" tx="0.2131" ty="0.484" tz="-0.0245" rx="0" ry="90" rz="0"/>
 <Elem Name="Forearm"  Mesh="OBJ_32" MirrorMesh="OBJ_38" tx="0.4831" ty="0.484" tz="-0.0245" rx="0" ry="-90" rz="0"/>
 <Elem Name="Hand"     Mesh="OBJ_33" MirrorMesh="OBJ_39" tx="0.7575" ty="0.484" tz="-0.0245"/>

 <Elem Name="Thigh" Mesh="OBJ_34" MirrorMesh="OBJ_40" tx="0.080" ty="-0.0173" tz="-0.0268" rx="0" ry="-90" rz="90"/>
 <Elem Name="Calf"  Mesh="OBJ_35" MirrorMesh="OBJ_41" tx="0.080" ty="-0.4723" tz="-0.0268" rx="0" ry="90" rz="90"/>
 <Elem Name="Foot"  Mesh="OBJ_31" MirrorMesh="OBJ_37" tx="0.080" ty="-0.9272" tz="-0.0268"/>
</MeshGroup>
<MeshGroup Name="Misc">
 <Elem Name="OBJ_3" Mesh="OBJ_3" tx="0.00" />
 <Elem Name="OBJ_43" Mesh="OBJ_43" tx="-0.10" />
 <Elem Name="OBJ_44" Mesh="OBJ_44" tx="0.20" />
 <Elem Name="OBJ_45" Mesh="OBJ_45" tx="-0.30" />
 <Elem Name="OBJ_46" Mesh="OBJ_46" tx="0.40" />
 <Elem Name="OBJ_47" Mesh="OBJ_47" tx="-0.50" />
 <Elem Name="OBJ_48" Mesh="OBJ_48" tx="0.60" />
 <Elem Name="OBJ_49" Mesh="OBJ_49" tx="-0.70" />
 <Elem Name="OBJ_50" Mesh="OBJ_50" tx="0.80" />
 <Elem Name="OBJ_51" Mesh="OBJ_51" tx="-0.90" />
 <Elem Name="OBJ_52" Mesh="OBJ_52" tx="1.00" />
 <Elem Name="OBJ_53" Mesh="OBJ_53" tx="-1.10" />
 <Elem Name="OBJ_54" Mesh="OBJ_54" tx="1.20" />
 <Elem Name="OBJ_55" Mesh="OBJ_55" tx="-1.30" />
 <Elem Name="OBJ_56" Mesh="OBJ_56" tx="1.40" />
 <Elem Name="OBJ_57" Mesh="OBJ_57" tx="-1.50" />
 <Elem Name="OBJ_58" Mesh="OBJ_58" tx="1.60" />
</MeshGroup>
</Body>
</Root>