﻿<?xml version="1.0" encoding="UTF-8"?>
<Root>
<Header Magic="GXDOA" Base="kas10.xpr" MirrorAxis="X" DefaultRotateOrder="XYZ" Author="" Date="20040713"/>
<Body>
<MeshGroup Name="Character">
 <Elem Name="Head"   Mesh="OBJ_5"  tx="0" ty="0.4665" tz="-0.025" />
 <Elem Name="Neck"   Mesh="OBJ_24" tx="0" ty="0.4665" tz="-0.025" />
 <Elem Name="Chest"  Mesh="OBJ_1"  tx="0" ty="0.179"  tz="0.005" />
 <Elem Name="Waist"  Mesh="OBJ_41" tx="0" ty="0.179"  tz="0.005" />
 <Elem Name="pelvis" Mesh="OBJ_6" />

 <Elem Name="EyeBall" Mesh="OBJ_12" MirrorMesh="OBJ_29" tx="0.031" ty="0.58" tz="0.05" />

 <Elem Name="Shoulder" Mesh="OBJ_9"  MirrorMesh="OBJ_26" tx="0.1202" ty="0.39995" tz="-0.01849" rx="0" ry="90" rz="0"/>
 <Elem Name="Bicep"    Mesh="OBJ_21" MirrorMesh="OBJ_38" tx="0.1202" ty="0.39995" tz="-0.01849" rx="0" ry="90" rz="0"/>
 <Elem Name="Elbow"    Mesh="OBJ_11" MirrorMesh="OBJ_28" tx="0.3590" ty="0.39995" tz="-0.01849" rx="0" ry="-90" rz="0"/>
 <Elem Name="Forearm"  Mesh="OBJ_14" MirrorMesh="OBJ_31" tx="0.3590" ty="0.39995" tz="-0.01849" rx="0" ry="-90" rz="0"/>
 <Elem Name="Wrist"    Mesh="OBJ_23" MirrorMesh="OBJ_40" tx="0.5985" ty="0.39995" tz="-0.01849"/>
 <Elem Name="Hand"     Mesh="OBJ_15" MirrorMesh="OBJ_32" tx="0.5985" ty="0.39995" tz="-0.01849"/>

 <Elem Name="Hip"   Mesh="OBJ_19" MirrorMesh="OBJ_36" tx="0.076" ty="-0.0200" tz="-0.0258" rx="0" ry="-90" rz="90"/>
 <Elem Name="Thigh" Mesh="OBJ_17" MirrorMesh="OBJ_34" tx="0.076" ty="-0.0195" tz="-0.0258" rx="0" ry="-90" rz="90"/>
 <Elem Name="Knee"  Mesh="OBJ_18" MirrorMesh="OBJ_35" tx="0.076" ty="-0.4210" tz="-0.0258" rx="0" ry="90" rz="90"/>
 <Elem Name="Calf"  Mesh="OBJ_20" MirrorMesh="OBJ_37" tx="0.076" ty="-0.4210" tz="-0.0258" rx="0" ry="90" rz="90" />
 <Elem Name="ankle" Mesh="OBJ_8"  MirrorMesh="OBJ_25" tx="0.076" ty="-0.8409" tz="-0.0258" />
 <Elem Name="Foot"  Mesh="OBJ_13" MirrorMesh="OBJ_30" tx="0.076" ty="-0.8409" tz="-0.0258" />

 <Elem Name="OBJ_7" Mesh="OBJ_7"/>
</MeshGroup>
<MeshGroup Name="Misc">
 <Elem Name="hair" tx="0" Mesh="OBJ_0"/>

 <Elem Name="OBJ_2" Mesh="OBJ_2" tx="0.00" />
 <Elem Name="OBJ_3" Mesh="OBJ_3" tx="-0.10" />
 <Elem Name="OBJ_4" Mesh="OBJ_4" tx="0.20" />
 <Elem Name="OBJ_10" Mesh="OBJ_10" tx="-0.30" />
 <Elem Name="OBJ_16" Mesh="OBJ_16" tx="0.40" />
 <Elem Name="OBJ_22" Mesh="OBJ_22" tx="-0.50" />
 <Elem Name="OBJ_27" Mesh="OBJ_27" tx="0.60" />
 <Elem Name="OBJ_33" Mesh="OBJ_33" tx="-0.70" />
 <Elem Name="OBJ_39" Mesh="OBJ_39" tx="0.80" />
</MeshGroup>
</Body>
</Root>