<?xml version="1.0" encoding="UTF-8"?>
<Root><Header Magic="GXDOA" Base="lei04.xpr" MirrorAxis="X" Author="Kaz" Url="http://forums.ninjahacker.net/index.php?showtopic=394&amp;view=findpost&amp;p=9043"/><Body><MeshGroup Name="Character"><Elem Name="OBJ_1" Mesh="OBJ_1" tx="0" ty="0.4784" tz="-0.02"/><Elem Name="OBJ_19" Mesh="OBJ_19" tx="0" ty="0.4784" tz="-0.02"/><Elem Name="OBJ_20" Mesh="OBJ_20" tx="0" ty="0.4784" tz="-0.02"/><Elem Name="OBJ_21" Mesh="OBJ_21" tx="0" ty="0.4784" tz="-0.02"/><Elem Name="OBJ_0" Mesh="OBJ_0" tx="0" ty="0.1959" tz="-0.01"/><Elem Name="OBJ_38" Mesh="OBJ_38" tx="0" ty="0.1959" tz="-0.01"/><Elem Name="OBJ_2" Mesh="OBJ_2" tx="0" ty="0" tz="0"/><Elem Name="OBJ_13" Mesh="OBJ_13" tx="0.0712" ty="-0.0098" tz="-0.024" rx="90" ry="-90" rz="0"/><Elem Name="OBJ_15" Mesh="OBJ_15" tx="0.0712" ty="-0.0098" tz="-0.024" rx="90" ry="-90" rz="0"/><Elem Name="OBJ_14" Mesh="OBJ_14" tx="0.0712" ty="-0.4248" tz="-0.024" rx="-90" ry="90" rz="0"/><Elem Name="OBJ_16" Mesh="OBJ_16" tx="0.0712" ty="-0.4248" tz="-0.024" rx="-90" ry="90" rz="0"/><Elem Name="OBJ_3" Mesh="OBJ_3" tx="0.0712" ty="-0.8398" tz="-0.024" rx="0" ry="0" rz="0"/><Elem Name="OBJ_7" Mesh="OBJ_7" tx="0.0712" ty="-0.8398" tz="-0.024" rx="0" ry="0" rz="0"/><Elem Name="OBJ_32" Mesh="OBJ_32" tx="-0.0712" ty="-0.0098" tz="-0.024" rx="90" ry="90" rz="0"/><Elem Name="OBJ_34" Mesh="OBJ_34" tx="-0.0712" ty="-0.0098" tz="-0.024" rx="90" ry="90" rz="0"/><Elem Name="OBJ_33" Mesh="OBJ_33" tx="-0.0712" ty="-0.4248" tz="-0.024" rx="-90" ry="-90" rz="0"/><Elem Name="OBJ_35" Mesh="OBJ_35" tx="-0.0712" ty="-0.4248" tz="-0.024" rx="-90" ry="-90" rz="0"/><Elem Name="OBJ_22" Mesh="OBJ_22" tx="-0.0712" ty="-0.8398" tz="-0.024" rx="0" ry="0" rz="0"/><Elem Name="OBJ_26" Mesh="OBJ_26" tx="-0.0712" ty="-0.8398" tz="-0.024" rx="0" ry="0" rz="0"/><Elem Name="OBJ_4" Mesh="OBJ_4" tx="0.1172" ty="0.4209" tz="-0.0349" rx="0" ry="90" rz="0"/><Elem Name="OBJ_17" Mesh="OBJ_17" tx="0.1172" ty="0.4209" tz="-0.0349" rx="0" ry="90" rz="0"/><Elem Name="OBJ_5" Mesh="OBJ_5" tx="0.3328" ty="0.4209" tz="-0.0349" rx="0" ry="-90" rz="0"/><Elem Name="OBJ_8" Mesh="OBJ_8" tx="0.3328" ty="0.4209" tz="-0.0349" rx="0" ry="-90" rz="0"/><Elem Name="OBJ_9" Mesh="OBJ_9" tx="0.3328" ty="0.4209" tz="-0.0349" rx="0" ry="-90" rz="0"/><Elem Name="OBJ_10" Mesh="OBJ_10" tx="0.5484" ty="0.4209" tz="-0.0349" rx="0" ry="0" rz="0"/><Elem Name="OBJ_18" Mesh="OBJ_18" tx="0.5484" ty="0.4209" tz="-0.0349" rx="0" ry="0" rz="0"/><Elem Name="OBJ_23" Mesh="OBJ_23" tx="-0.1172" ty="0.4209" tz="-0.0349" rx="0" ry="-90" rz="0"/><Elem Name="OBJ_36" Mesh="OBJ_36" tx="-0.1172" ty="0.4209" tz="-0.0349" rx="0" ry="-90" rz="0"/><Elem Name="OBJ_24" Mesh="OBJ_24" tx="-0.3328" ty="0.4209" tz="-0.0349" rx="0" ry="90" rz="0"/><Elem Name="OBJ_27" Mesh="OBJ_27" tx="-0.3328" ty="0.4209" tz="-0.0349" rx="0" ry="90" rz="0"/><Elem Name="OBJ_28" Mesh="OBJ_28" tx="-0.3328" ty="0.4209" tz="-0.0349" rx="0" ry="90" rz="0"/><Elem Name="OBJ_29" Mesh="OBJ_29" tx="-0.5484" ty="0.4209" tz="-0.0349" rx="0" ry="0" rz="0"/><Elem Name="OBJ_37" Mesh="OBJ_37" tx="-0.5484" ty="0.4209" tz="-0.0349" rx="0" ry="0" rz="0"/><Elem Name="OBJ_6" Mesh="OBJ_6" tx="0.0324" ty="0.5984" tz="0.0336"/><Elem Name="OBJ_25" Mesh="OBJ_25" tx="-0.0324" ty="0.5984" tz="0.0336"/><Elem Name="OBJ_11" Mesh="OBJ_11" tx="0.073" ty="-0.7191" tz="0.02" rx="-20" ry="0" rz="10"/><Elem Name="OBJ_12" Mesh="OBJ_12" tx="0.073" ty="-0.7191" tz="0.02" rx="-20" ry="0" rz="-10"/><Elem Name="OBJ_30" Mesh="OBJ_30" tx="-0.073" ty="-0.7191" tz="0.02" rx="-20" ry="0" rz="10"/><Elem Name="OBJ_31" Mesh="OBJ_31" tx="-0.073" ty="-0.7191" tz="0.02" rx="-20" ry="0" rz="-10"/></MeshGroup><MeshGroup Name="Misc"><Elem Name="OBJ_39" Mesh="OBJ_39" tx="0"/><Elem Name="OBJ_40" Mesh="OBJ_40" tx="0.1"/><Elem Name="OBJ_41" Mesh="OBJ_41" tx="-0.2"/><Elem Name="OBJ_42" Mesh="OBJ_42" tx="0.3"/><Elem Name="OBJ_43" Mesh="OBJ_43" tx="-0.4"/><Elem Name="OBJ_44" Mesh="OBJ_44" tx="0.5"/><Elem Name="OBJ_45" Mesh="OBJ_45" tx="-0.6"/><Elem Name="OBJ_46" Mesh="OBJ_46" tx="0.7"/><Elem Name="OBJ_47" Mesh="OBJ_47" tx="-0.8"/><Elem Name="OBJ_48" Mesh="OBJ_48" tx="0.9"/><Elem Name="OBJ_49" Mesh="OBJ_49" tx="-1"/><Elem Name="OBJ_50" Mesh="OBJ_50" tx="1.1"/><Elem Name="OBJ_51" Mesh="OBJ_51" tx="-1.2"/><Elem Name="OBJ_52" Mesh="OBJ_52" tx="1.3"/><Elem Name="OBJ_53" Mesh="OBJ_53" tx="-1.4"/><Elem Name="OBJ_54" Mesh="OBJ_54" tx="1.5"/><Elem Name="OBJ_55" Mesh="OBJ_55" tx="-1.6"/><Elem Name="OBJ_56" Mesh="OBJ_56" tx="1.7"/><Elem Name="OBJ_57" Mesh="OBJ_57" tx="-1.8"/><Elem Name="OBJ_58" Mesh="OBJ_58" tx="1.9"/><Elem Name="OBJ_59" Mesh="OBJ_59" tx="-2"/><Elem Name="OBJ_60" Mesh="OBJ_60" tx="2.1"/><Elem Name="OBJ_61" Mesh="OBJ_61" tx="-2.2"/><Elem Name="OBJ_62" Mesh="OBJ_62" tx="2.3"/><Elem Name="OBJ_63" Mesh="OBJ_63" tx="-2.4"/><Elem Name="OBJ_64" Mesh="OBJ_64" tx="2.5"/><Elem Name="OBJ_65" Mesh="OBJ_65" tx="-2.6"/><Elem Name="OBJ_66" Mesh="OBJ_66" tx="2.7"/><Elem Name="OBJ_67" Mesh="OBJ_67" tx="-2.8"/><Elem Name="OBJ_68" Mesh="OBJ_68" tx="2.9"/><Elem Name="OBJ_69" Mesh="OBJ_69" tx="-3"/></MeshGroup></Body></Root>
