<?xml version="1.0" encoding="utf-8"?>
<Sentence xmlns:xsi="http://www.w3.org/2001/XMLSchema-instance" xmlns:xsd="http://www.w3.org/2001/XMLSchema">
  <LanguageName>日本語（関西弁）</LanguageName>
  <CultureName>ja-JP</CultureName>
  <Zack>ザック</Zack>
  <Tina>ティナ</Tina>
  <Jannlee>ジャン・リー</Jannlee>
  <Ein>アイン</Ein>
  <Hayabusa>リュウ・ハヤブサ</Hayabusa>
  <Kasumi>かすみ</Kasumi>
  <Genfu>ゲン・フー</Genfu>
  <Helena>エレナ</Helena>
  <Leon>レオン</Leon>
  <Bass>バース</Bass>
  <Kokoro>こころ</Kokoro>
  <Hayate>ハヤテ</Hayate>
  <Leifang>レイファン</Leifang>
  <Ayane>あやね</Ayane>
  <Eliot>エリオット</Eliot>
  <Lisa>リサ</Lisa>
  <Alpha152>Alpha-152</Alpha152>
  <Brad>ブラッド・ウォン</Brad>
  <Christie>クリスティ</Christie>
  <Hitomi>ヒトミ</Hitomi>
  <Bayman>バイマン</Bayman>
  <Rig>リグ</Rig>
  <Mila>ミラ</Mila>
  <Akira>アキラ</Akira>
  <Sarah>サラ</Sarah>
  <Pai>パイ・チェン</Pai>
  <Momiji>紅葉</Momiji>
  <Rachel>レイチェル</Rachel>
  <Jacky>ジャッキー</Jacky>
  <Marie>マリー・ローズ</Marie>
  <Phase4>PHASE-4</Phase4>
  <Nyotengu>女天狗</Nyotengu>
  <Honoka>ほのか</Honoka>
  <Raidou>雷道</Raidou>
  <Naotora>井伊直虎</Naotora>
  <Mai>不知火舞</Mai>
  <OK>ええで</OK>
  <Cancel>ちゃうちゃう</Cancel>
  <Yes>ええよ</Yes>
  <No>あかん</No>
  <Auto>自動</Auto>
  <Info>見といてや</Info>
  <Error>あかんで</Error>
  <Caution>気を付けや</Caution>
  <Confirm>どないする？</Confirm>
  <Message>メッセージ</Message>
  <TextStatus>ファイル開いてや</TextStatus>
  <ExitWithoutSave>変更してから保存してへんで。ほんまに終わってええんか？</ExitWithoutSave>
  <Exit>お終いや</Exit>
  <Overwrite>ファイル上書きしてええんか？</Overwrite>
  <OverwriteYes>上書きや</OverwriteYes>
  <Saved>保存したで</Saved>
  <FailedToCreateBackup>バックアップ作んのミスったから保存せんかったで</FailedToCreateBackup>
  <UnsupportedFile>対応してるファイルやないで</UnsupportedFile>
  <FailedToReopen>もっかい読み込むの失敗したわ</FailedToReopen>
  <ConfirmOpenFile>このファイル開いてええんか？</ConfirmOpenFile>
  <ConfirmFileUpdated>こいつらが更新されとるけど、開きなおすか？</ConfirmFileUpdated>
  <Continue>続行</Continue>
  <Add>追加</Add>
  <Insert>挿入</Insert>
  <Delete>削除</Delete>
  <Copy>コピー</Copy>
  <Paste>貼り付け</Paste>
  <Duplicate>複製</Duplicate>
  <Other>その他</Other>
  <Reset>リセット</Reset>
  <DecideSort>ソートを確定</DecideSort>
  <CharaFemale>女性キャラ</CharaFemale>
  <CharaMale>男性キャラ</CharaMale>
  <Name>名前</Name>
  <Comment>コメント</Comment>
  <Type>タイプ</Type>
  <File>ファイル</File>
  <BtnNew>新規作成...</BtnNew>
  <BtnEmptyNew>DLCデータ無しで新規作成</BtnEmptyNew>
  <MenuNewDlc>DLCデータを新規作成...</MenuNewDlc>
  <BtnOpen>開く...</BtnOpen>
  <MenuRevert>復帰</MenuRevert>
  <MenuReloadDlc>DLCフォルダを再読込</MenuReloadDlc>
  <MenuOpenDlcDir>DLCフォルダをエクスプローラーで開く</MenuOpenDlcDir>
  <MenuOpenBuildDir>DLCビルド先をエクスプローラーで開く</MenuOpenBuildDir>
  <BtnSave>上書き保存</BtnSave>
  <MenuSaveAs>名前を付けて保存...</MenuSaveAs>
  <MenuSaveBcm>bcmを上書き保存</MenuSaveBcm>
  <MenuSaveAsBcm>bcmを名前を付けて保存...</MenuSaveAsBcm>
  <MenuExportLst>lstファイルとして書き出し...</MenuExportLst>
  <BtnBuild>DLCをビルド</BtnBuild>
  <MenuBuildAll>全てのDLCをビルド</MenuBuildAll>
  <BtnConfig>設定...</BtnConfig>
  <LabelDlcDir>DLCビルド先</LabelDlcDir>
  <MenuDuplicateDlc>DLCデータを複製</MenuDuplicateDlc>
  <MenuDeleteDlc>DLCデータを削除</MenuDeleteDlc>
  <MenuLstMode>lstモードに切り替え</MenuLstMode>
  <DlcNum>DLC番号</DlcNum>
  <CostumeCount>コス数</CostumeCount>
  <ExtractFiles>ファイルを展開...</ExtractFiles>
  <ExtractFilesWithCreateDir>フォルダを作成してファイルを展開...</ExtractFilesWithCreateDir>
  <CharaName>キャラクター名</CharaName>
  <DgcSlot>ｽﾛｯﾄ</DgcSlot>
  <DgcInner>ｲﾝﾅｰ</DgcInner>
  <DetailsCharaName>キャラクター名 :</DetailsCharaName>
  <DetailsSlot>コスチュームスロット :</DetailsSlot>
  <DetailsInner>インナー数 :</DetailsInner>
  <AddFromFile>ファイルから...</AddFromFile>
  <ResetInner>インナーを再設定</ResetInner>
  <UpdateThumbs>サムネイルを再読込</UpdateThumbs>
  <DisplayThumb>--Pファイルを表示</DisplayThumb>
  <SlotSequential>コスチュームスロットを連番に</SlotSequential>
  <ChangeCharacter>キャラクターを変更</ChangeCharacter>
  <HairType>髪型</HairType>
  <Hair>髪</Hair>
  <Face>顔</Face>
  <OpenWithExplorer>エクスプローラーで開く</OpenWithExplorer>
  <AddOrReplace>追加／置換...</AddOrReplace>
  <Flags>フラグ :</Flags>
  <Config>設定</Config>
  <AddedCharacter>追加キャラ</AddedCharacter>
  <SkipLoadCostume>名前に問題あるから読み込むん飛ばしたで</SkipLoadCostume>
  <InputDlcNameTitle>DLC名を入力</InputDlcNameTitle>
  <InputDlcNameNote>（数字で6桁以下）</InputDlcNameNote>
  <IsTemporary>＜一時ファイルとして開いとるで／データ保存されへんから注意してや＞</IsTemporary>
  <FoundErrorsInLst>lstファイルにこんなエラーがあったで</FoundErrorsInLst>
  <FoundErrorsInDefault>デフォルト設定を読み込む時にこんなエラーがあったで</FoundErrorsInDefault>
  <AllSupportedFormats>対応ファイル</AllSupportedFormats>
  <DlcToolDataFile>DLC Tool データファイル</DlcToolDataFile>
  <LstFile>lstファイル</LstFile>
  <BcmFile>bcmファイル</BcmFile>
  <CFile>---Cファイル</CFile>
  <PFile>--Pファイル</PFile>
  <SaveDlcToolData>DLC Tool データファイルを保存するで</SaveDlcToolData>
  <DlcToolDataFileSaved>Dlc Tool データファイルを保存したで</DlcToolDataFileSaved>
  <ExportLst>lstファイルを書き出すで</ExportLst>
  <LstExported>lstファイルを書き出したで</LstExported>
  <SaveBcm>bcmファイルを保存するで</SaveBcm>
  <BcmSaved>bcmファイルを保存したで</BcmSaved>
  <DlcBuilded>DLCをビルドしたで</DlcBuilded>
  <DlcsBuilded>DLCをビルドしたで（いけたやつ : {0} / あかんかったやつ : {1} ）</DlcsBuilded>
  <BuildCancelledDlcNumDuplicated>DLC番号がダブっとるからDLCはビルドせんかったで</BuildCancelledDlcNumDuplicated>
  <CreatingAndNotSaved>新規作成中＜保存されてへんで＞</CreatingAndNotSaved>
  <RegistFromFolders>フォルダ内のファイルから自動で登録するで\r\nいけるんはファイル名が全て半角の キャラクター英名_DLCU_3桁の数字 で始まるファイルだけやで</RegistFromFolders>
  <CostumesAlreadyExists>とっくにコスチュームは設定されとるで\r\nスロットが同じやった場合どうするか選んでや</CostumesAlreadyExists>
  <AddCostumes>コスチューム追加</AddCostumes>
  <ReplaceFiles>ファイル置換</ReplaceFiles>
  <StartRegistration>登録開始</StartRegistration>
  <CompletedAddAndReplaceFiles>{0}個のファイルを追加・置換したで</CompletedAddAndReplaceFiles>
  <NotAddAndReplaceFiles>ファイルの追加・置換はなかったわ</NotAddAndReplaceFiles>
  <SkippedReadingUnsupportedData>合わへんデータ{0}個は読み込まんかったわ\r\nbcm上書き保存したらデータなくなるから注意してや</SkippedReadingUnsupportedData>
  <CosNameNotFoundInDatabase>{0}[{1}] の名前はデータベースになかったわ</CosNameNotFoundInDatabase>
  <CosSlotIsDuplicatedInLst>{0}[{1}] のスロットがDLCデータの中でかぶっとる</CosSlotIsDuplicatedInLst>
  <CosRequiredFilesNotFound>{0}[{1}] の---C/--P/TMC/TMCLファイルのどれかが見つからん</CosRequiredFilesNotFound>
  <NotFound>{0} が見つからんかった</NotFound>
  <DlcNumMustNumber6Digits>DLC番号は6桁までの数字で入力してや [ {0} ]</DlcNumMustNumber6Digits>
  <FailedToBuildDlc>こんなエラーがあるからDLCビルドすんの失敗したわ</FailedToBuildDlc>
  <FailedToBuildDlcs>こいつらのDLCビルドすんの失敗したわ\r\n{0}\r\n\r\n成功 : {1} / 失敗 : {2}</FailedToBuildDlcs>
  <CosSlotIsDuplicatedWithOtherDlc>{0}[{1}] のスロットが DLC[ {2} ] とかぶっとる</CosSlotIsDuplicatedWithOtherDlc>
  <SetSavePath>保存先を指定してや</SetSavePath>
  <ConfirmBuildDlc>DLCビルドするか？</ConfirmBuildDlc>
  <ConfirmBuildDlcWithProblem>こんな問題あるけどDLCビルドするか？</ConfirmBuildDlcWithProblem>
  <Build>ビルド</Build>
  <ConfirmCopyDlcFiles>ビルドしたDLCファイル、DLCフォルダにコピーするか？\r\n（コピーするとファイルがあったら上書きされるから気いつけや）</ConfirmCopyDlcFiles>
  <DisposeDataWhenCreateNew>新規作成すると今編集しとるデータ消えるけど、どないする？</DisposeDataWhenCreateNew>
  <NotAddFromFolderInDefaultMode>デフォルト設定編集モードやとフォルダからの追加はできへんで</NotAddFromFolderInDefaultMode>
  <NotAddFromFolderInBcmMode>bcmモードのままやとフォルダからの追加はできへんで\r\n\r\nlstモードに切り替えて続けるか？</NotAddFromFolderInBcmMode>
  <NotAddFromFileInDefaultMode>デフォルト設定編集モードやとコスチュームデータをファイルから追加するんはできへんで\r\n\r\nDLCデータとして追加するか？</NotAddFromFileInDefaultMode>
  <NotAddFromFileInBcmMode>bcmモードやとコスチュームデータはファイルから追加できへんで\r\n\r\nlstモードに切り替えて追加するか？\r\n（取り消しはできへんからな）</NotAddFromFileInBcmMode>
  <NotAddFromFileToTemporaryData>一時的に開いとるデータにはコスチュームデータをファイルから追加できへんで\r\n\r\nデータをDLC Toolデータへ埋め込んでから追加するか？\r\n（取り消しはできへんからな）</NotAddFromFileToTemporaryData>
  <SelectFolderToSaveDlcFolder>DLCフォルダを保存するフォルダを選んでや</SelectFolderToSaveDlcFolder>
  <BcmMode>bcmモード</BcmMode>
  <DefaultSettingsMode>デフォルト設定編集モード</DefaultSettingsMode>
  <OverMaxSlot>スロットがいっちゃん大きいの超えとる</OverMaxSlot>
  <SlotNotSetted>スロット設定してへんで</SlotNotSetted>
  <SlotIsDuplicatedWithOtherDlc>スロットが DLC[ {0} ] とかぶっとる</SlotIsDuplicatedWithOtherDlc>
  <SlotIsDuplicatedInThisLst>スロットがこのDLCデータの中でかぶっとる</SlotIsDuplicatedInThisLst>
  <SelectFolderToExtractFiles>ファイルを展開するフォルダを選択</SelectFolderToExtractFiles>
  <SelectFolderToExtractFilesWithCreateDir>フォルダを作成するフォルダを選択</SelectFolderToExtractFilesWithCreateDir>
  <ConfirmFolderExistExtractFiles>こいつら既にあるで。\r\n\r\n{0}\r\n同じ名前のファイルは上書きされるけど、展開するか？</ConfirmFolderExistExtractFiles>
  <Extract>展開するわ</Extract>
  <FilesExtracted>ファイル展開したで</FilesExtracted>
  <FailedExtractedFiles>こいつらの展開に失敗したわ</FailedExtractedFiles>
  <NotFoundInDatabaseAndAbort>[{0}] の名前がデータベースになかったからやめたで</NotFoundInDatabaseAndAbort>
  <DatabaseNotFound>file5lr.dat が見つからへん</DatabaseNotFound>
  <RequiredFilesIsNotSet>いるファイルがセットされてへん</RequiredFilesIsNotSet>
  <InnerOnlyOneSideIsSet>--H/--HLのどっちかしかセットされてへん</InnerOnlyOneSideIsSet>
  <FilesNotExists>セットされとるファイルが見つからへん</FilesNotExists>
  <DuplicatedCharacter>キャラかぶっとる</DuplicatedCharacter>
  <InnerOverLimit>使えるインナー数の上限超えとるわ</InnerOverLimit>
  <Apply>適用</Apply>
  <DatabaseUpdateFailed>データベースファイルが無かったら更新失敗したで</DatabaseUpdateFailed>
  <DatabaseUpdated>データベース更新したで</DatabaseUpdated>
  <NewInformationNotFound>新しい情報が見つからんかったから、データベース更新せんかったで</NewInformationNotFound>
  <SelectLanguage>言語選んでや</SelectLanguage>
  <Database>データベース</Database>
  <Reload>再読込</Reload>
  <Update>更新</Update>
  <OutputPathWhenCreateNew>新規作成時のDLCビルド先フォルダ設定</OutputPathWhenCreateNew>
  <UseFolderSelectDialog>フォルダ選択ダイアログを表示する</UseFolderSelectDialog>
  <UseUsersFolder>以下のフォルダを使用する</UseUsersFolder>
  <EnableCopyToDlcFolder>ビルド後にビルドしたファイルをDLCフォルダにコピーする機能を有効にする</EnableCopyToDlcFolder>
  <AutoSetWhenNotSetted>ファイルをセットしていない場合の自動セット</AutoSetWhenNotSetted>
  <UseDefaultCFile>---Cファイルをセットしていない場合にファイルを自動セットする</UseDefaultCFile>
  <UseDefaultPFile>--Pファイルをセットしていない場合にファイルを自動セットする</UseDefaultPFile>
  <DefaultCFilePath>自動セットする---Cファイル</DefaultCFilePath>
  <DefaultPFilePath>自動セットする--Pファイル</DefaultPFilePath>
  <DefaultHighPriorityUse>default.lstの---Cファイルと--Pファイルを上のファイルより優先して自動セットする</DefaultHighPriorityUse>
  <DefaultOnlyUse>default.lstの---Cファイルと--Pファイルのみ自動セットして上のファイルは使わへん</DefaultOnlyUse>
  <DefaultNotUse>default.lstの---Cファイルと--Pファイルは無視する</DefaultNotUse>
  <RestoreWindowSize>起動時に前回終了時のウィンドウサイズを復元する</RestoreWindowSize>
  <OpenLastDd>起動時に前回終了時に開いていたDLC Tool データファイルを開く</OpenLastDd>
  <ChangeOutputPath>DLCビルド先を変更</ChangeOutputPath>
  <AddFromFolder>フォルダからデータを追加</AddFromFolder>
  <DlcPaste>DLCデータを貼り付け</DlcPaste>
  <CostumePaste>コスチュームデータを貼り付け</CostumePaste>
  <HairStylePaste>髪型を貼り付け</HairStylePaste>
  <FilePaste>コスチュームファイルを貼り付け</FilePaste>
  <DlcAddLst>DLCデータを追加（lstファイル）</DlcAddLst>
  <DlcAddBcm>DLCデータを追加（bcmファイル）</DlcAddBcm>
  <DlcAdd>DLCデータを追加</DlcAdd>
  <DlcDuplicate>DLCデータを複製</DlcDuplicate>
  <DlcDelete>DLCデータを削除</DlcDelete>
  <DlcDecideSort>DLCデータのソートを確定</DlcDecideSort>
  <DlcChangeName>DLCデータの名前を変更</DlcChangeName>
  <DlcChangeNumber>DLC番号を変更</DlcChangeNumber>
  <DlcChangeComment>DLCデータのコメントを変更</DlcChangeComment>
  <DlcSort>DLCデータを手動ソート</DlcSort>
  <CostumeChangeComment>コスチュームデータのコメントを変更</CostumeChangeComment>
  <CostumeChangeSlot>コスチュームスロットを変更</CostumeChangeSlot>
  <CostumeAddFromFile>ファイルからコスチュームを追加</CostumeAddFromFile>
  <CostumeAdd>コスチュームを追加</CostumeAdd>
  <CostumeInsert>コスチュームを挿入</CostumeInsert>
  <CostumeDuplicate>コスチュームを複製</CostumeDuplicate>
  <CostumeDelete>コスチュームを削除</CostumeDelete>
  <CostumeDecideSort>コスチュームのソートを確定</CostumeDecideSort>
  <CostumeSort>コスチュームデータを手動ソート</CostumeSort>
  <HairStyleAdd>髪型を追加</HairStyleAdd>
  <HairStyleInsert>髪型を挿入</HairStyleInsert>
  <HairStyleDelete>髪型を削除</HairStyleDelete>
  <HairStyleReset>髪型をリセット</HairStyleReset>
  <HairChange>髪を変更</HairChange>
  <FaceChange>顔を変更</FaceChange>
  <FileAdd>コスチュームファイルを追加／置換</FileAdd>
  <FileDelete>コスチュームファイルを削除</FileDelete>
  <Shortcut>ショートカット</Shortcut>
  <Clipboard>クリップボード</Clipboard>
  <UnsupportedData>非対応データ</UnsupportedData>
  <DlcData>DLCデータ</DlcData>
  <CostumeData>コスデータ</CostumeData>
  <HairStyleData>髪型データ</HairStyleData>
  <FileData>ファイルデータ</FileData>
  <TextData>テキストデータ</TextData>
  <AutoSet>＜自動セット＞</AutoSet>
  <HistoryStart>変更前</HistoryStart>
</Sentence>