<?xml version="1.0" encoding="UTF-8"?>
<Root><Header Magic="GXDOA" Base="vht00.xpr" MirrorAxis="X" Author="Dony &amp; Kaz"/><Body><MeshGroup Name="Character"><Elem Name="OBJ_1" tx="0" ty="0.11" tz="0" Mesh="OBJ_1"/><Elem Name="OBJ_3" tx="0" ty="-0.12" tz="0" Mesh="OBJ_3"/><Elem Name="OBJ_5" tx="0.0784" ty="-0.9436" tz="-0.0049" Mesh="OBJ_5"/><Elem Name="OBJ_6" tx="0" ty="0.2859" tz="-0.0192" Mesh="OBJ_6"/><Elem Name="OBJ_7" tx="0.3606" ty="0.2859" tz="-0.0192" Mesh="OBJ_7"/><Elem Name="OBJ_8" tx="0.029" ty="0.469" tz="0.057" Mesh="OBJ_8"/><Elem Name="OBJ_10" tx="0.0784" ty="-0.9436" tz="-0.0049" Mesh="OBJ_10"/><Elem Name="OBJ_11" tx="0.3606" ty="0.2859" tz="-0.0192" Mesh="OBJ_11"/><Elem Name="OBJ_12" tx="0.6006" ty="0.2859" tz="-0.0192" Mesh="OBJ_12"/><Elem Name="OBJ_14" tx="0.0784" ty="-0.1058" tz="-0.0049" Mesh="OBJ_14"/><Elem Name="OBJ_15" tx="0.0784" ty="-0.5183" tz="-0.0049" Mesh="OBJ_15"/><Elem Name="OBJ_16" tx="0.0784" ty="-0.1058" tz="-0.0049" Mesh="OBJ_16"/><Elem Name="OBJ_17" tx="0.0784" ty="-0.5183" tz="-0.0049" Mesh="OBJ_17"/><Elem Name="OBJ_18" tx="0.1206" ty="0.2859" tz="-0.0192" Mesh="OBJ_18"/><Elem Name="OBJ_20" tx="0.6006" ty="0.2859" tz="-0.0192" Mesh="OBJ_20"/><Elem Name="OBJ_21" tx="0" ty="0.3665" tz="-0.021" Mesh="OBJ_21"/><Elem Name="OBJ_23" tx="-0.0784" ty="-0.9436" tz="-0.0049" Mesh="OBJ_23"/><Elem Name="OBJ_24" tx="0" ty="0.2859" tz="-0.0192" Mesh="OBJ_24"/><Elem Name="OBJ_25" tx="-0.3606" ty="0.2859" tz="-0.0192" Mesh="OBJ_25"/><Elem Name="OBJ_26" tx="-0.029" ty="0.469" tz="0.057" Mesh="OBJ_26"/><Elem Name="OBJ_28" tx="-0.0784" ty="-0.9436" tz="-0.0049" Mesh="OBJ_28"/><Elem Name="OBJ_29" tx="-0.3606" ty="0.2859" tz="-0.0192" Mesh="OBJ_29"/><Elem Name="OBJ_30" tx="-0.6006" ty="0.2859" tz="-0.0192" Mesh="OBJ_30"/><Elem Name="OBJ_32" tx="-0.0784" ty="-0.1058" tz="-0.0049" Mesh="OBJ_32"/><Elem Name="OBJ_33" tx="-0.0784" ty="-0.5183" tz="-0.0049" Mesh="OBJ_33"/><Elem Name="OBJ_34" tx="-0.0784" ty="-0.1058" tz="-0.0049" Mesh="OBJ_34"/><Elem Name="OBJ_35" tx="-0.0784" ty="-0.5183" tz="-0.0049" Mesh="OBJ_35"/><Elem Name="OBJ_36" tx="-0.1206" ty="0.2859" tz="-0.0192" Mesh="OBJ_36"/><Elem Name="OBJ_38" tx="-0.6006" ty="0.2859" tz="-0.0192" Mesh="OBJ_38"/><Elem Name="OBJ_39" tx="0" ty="0" tz="0" Mesh="OBJ_39"/><Elem Name="OBJ_2" tx="0" ty="0.4229" tz="-0.0072" Mesh="OBJ_2"/></MeshGroup><MeshGroup Name="Misc"><Elem Name="OBJ_4" tx="0" Mesh="OBJ_4"/><Elem Name="OBJ_9" tx="0.1" Mesh="OBJ_9"/><Elem Name="OBJ_13" tx="-0.2" Mesh="OBJ_13"/><Elem Name="OBJ_19" tx="0.3" Mesh="OBJ_19"/><Elem Name="OBJ_22" tx="-0.4" Mesh="OBJ_22"/><Elem Name="OBJ_27" tx="0.5" Mesh="OBJ_27"/><Elem Name="OBJ_31" tx="-0.6" Mesh="OBJ_31"/><Elem Name="OBJ_37" tx="0.7" Mesh="OBJ_37"/><Elem Name="OBJ_40" tx="-0.8" Mesh="OBJ_40"/><Elem Name="OBJ_41" tx="0.9" Mesh="OBJ_41"/><Elem Name="OBJ_42" tx="-1" Mesh="OBJ_42"/><Elem Name="OBJ_43" tx="1.1" Mesh="OBJ_43"/><Elem Name="OBJ_44" tx="-1.2" Mesh="OBJ_44"/><Elem Name="OBJ_45" tx="1.3" Mesh="OBJ_45"/><Elem Name="OBJ_46" tx="-1.4" Mesh="OBJ_46"/><Elem Name="OBJ_47" tx="1.5" Mesh="OBJ_47"/><Elem Name="OBJ_48" tx="-1.6" Mesh="OBJ_48"/><Elem Name="OBJ_49" tx="1.7" Mesh="OBJ_49"/><Elem Name="OBJ_50" tx="-1.8" Mesh="OBJ_50"/><Elem Name="OBJ_51" tx="1.9" Mesh="OBJ_51"/><Elem Name="OBJ_52" tx="-2" Mesh="OBJ_52"/><Elem Name="OBJ_53" tx="2.1" Mesh="OBJ_53"/><Elem Name="OBJ_54" tx="-2.2" Mesh="OBJ_54"/><Elem Name="OBJ_55" tx="2.3" Mesh="OBJ_55"/><Elem Name="OBJ_56" tx="-2.4" Mesh="OBJ_56"/><Elem Name="OBJ_57" tx="2.5" Mesh="OBJ_57"/><Elem Name="OBJ_58" tx="-2.6" Mesh="OBJ_58"/><Elem Name="OBJ_0" tx="0" ty="0.4229" tz="-0.0072" Mesh="OBJ_0"/></MeshGroup></Body></Root>
